unit,actual_rul,ridge_prediction,lstm_prediction,gru_prediction,transformer_prediction,ensemble_prediction,ridge_error,ridge_absolute_error,lstm_error,lstm_absolute_error,gru_error,gru_absolute_error,transformer_error,transformer_absolute_error,ensemble_error,ensemble_absolute_error,best_model,base_model_prediction_spread
1,112.0,112.268524,115.38963,113.403496,121.67322,114.1979507446289,0.26852417,0.26852417,3.3896332,3.3896332,1.4034958,1.4034958,9.673218,9.673218,2.1979507446288977,2.1979507446288977,Ridge,9.404694
2,98.0,114.53343,118.964226,113.80567,122.1718,115.86909332275391,16.533432,16.533432,20.964226,20.964226,15.805672,15.805672,24.171799,24.171799,17.869093322753912,17.869093322753912,GRU,8.366127
3,69.0,67.60764,46.756554,42.99367,74.55031,44.49882431030274,-1.3923569,1.3923569,-22.243446,22.243446,-26.006329,26.006329,5.550308,5.550308,-24.501175689697263,24.501175689697263,Ridge,31.556637
4,82.0,84.93013,87.52053,84.32096,104.82825,85.60078887939454,2.93013,2.93013,5.5205307,5.5205307,2.320961,2.320961,22.828247,22.828247,3.6007888793945426,3.6007888793945426,GRU,20.507286
5,91.0,91.751434,103.588356,107.89505,116.84855,106.17237243652343,0.7514343,0.7514343,12.588356,12.588356,16.89505,16.89505,25.848549,25.848549,15.172372436523432,15.172372436523432,Ridge,25.097115
6,93.0,98.403564,113.624306,111.11565,122.61918,112.11911010742188,5.4035645,5.4035645,20.624306,20.624306,18.115646,18.115646,29.619179,29.619179,19.119110107421875,19.119110107421875,Ridge,24.215614
7,91.0,99.88128,107.72932,105.65744,116.01796,106.48619079589844,8.881279,8.881279,16.729317,16.729317,14.65744,14.65744,25.01796,25.01796,15.486190795898438,15.486190795898438,Ridge,16.13668
8,95.0,92.12198,110.12387,108.98594,115.886566,109.4411117553711,-2.8780212,2.8780212,15.123871,15.123871,13.985939,13.985939,20.886566,20.886566,14.441111755371097,14.441111755371097,Ridge,23.764587
9,111.0,110.62798,118.96704,113.65464,74.01178,115.77960052490235,-0.3720169,0.3720169,7.967041,7.967041,2.6546402,2.6546402,-36.98822,36.98822,4.779600524902349,4.779600524902349,Ridge,44.95526
10,96.0,93.388306,94.14863,90.00485,77.19329,91.66236267089843,-2.6116943,2.6116943,-1.8513718,1.8513718,-5.9951477,5.9951477,-18.80671,18.80671,-4.337637329101568,4.337637329101568,LSTM,16.955338
11,97.0,88.22659,72.178246,83.0742,85.13283,78.7158203125,-8.773407,8.773407,-24.821754,24.821754,-13.9257965,13.9257965,-11.867172,11.867172,-18.2841796875,18.2841796875,Ridge,16.048347
12,124.0,98.997604,100.06452,106.12698,108.69017,103.70199890136719,-25.002396,25.002396,-23.935478,23.935478,-17.873016,17.873016,-15.30983,15.30983,-20.29800109863281,20.29800109863281,Transformer,9.692566
13,95.0,80.364136,80.41294,69.61409,53.929752,73.93363037109376,-14.635864,14.635864,-14.587059,14.587059,-25.38591,25.38591,-41.070248,41.070248,-21.066369628906244,21.066369628906244,LSTM,26.483189
14,107.0,112.43989,113.6915,111.8085,107.808365,112.56170043945313,5.439888,5.439888,6.691498,6.691498,4.808502,4.808502,0.80836487,0.80836487,5.5617004394531335,5.5617004394531335,Transformer,5.883133
15,83.0,102.473175,92.93337,107.39862,122.58205,101.61252136230468,19.473175,19.473175,9.9333725,9.9333725,24.39862,24.39862,39.582047,39.582047,18.612521362304676,18.612521362304676,LSTM,29.648674
16,84.0,106.55716,105.50984,103.671646,117.19253,104.40692443847657,22.55716,22.55716,21.509842,21.509842,19.671646,19.671646,33.192528,33.192528,20.406924438476565,20.406924438476565,GRU,13.520882
17,50.0,61.56128,67.40026,59.248474,43.819195,62.50918884277344,11.561279,11.561279,17.40026,17.40026,9.248474,9.248474,-6.180805,6.180805,12.50918884277344,12.50918884277344,Transformer,23.581066
18,28.0,38.98146,33.262154,30.684063,42.64098,31.715299224853517,10.981461,10.981461,5.2621536,5.2621536,2.684063,2.684063,14.64098,14.64098,3.715299224853517,3.715299224853517,GRU,11.956917
19,87.0,103.67772,84.17439,98.682556,105.14441,92.87929077148438,16.67772,16.67772,-2.8256073,2.8256073,11.682556,11.682556,18.14441,18.14441,5.879290771484378,5.879290771484378,LSTM,20.970016
20,16.0,8.115906,20.422733,17.964184,26.49341,18.947603607177733,-7.884094,7.884094,4.4227333,4.4227333,1.9641838,1.9641838,10.49341,10.49341,2.947603607177733,2.947603607177733,GRU,18.377504
21,57.0,98.3087,70.852554,74.05229,57.60684,72.77239685058595,41.3087,41.3087,13.852554,13.852554,17.052292,17.052292,0.6068382,0.6068382,15.772396850585949,15.772396850585949,Transformer,40.701862
22,111.0,115.53349,120.12821,112.48758,121.38077,115.54383239746093,4.533493,4.533493,9.128212,9.128212,1.4875793,1.4875793,10.380768,10.380768,4.543832397460932,4.543832397460932,GRU,8.893188
23,113.0,122.39459,119.296776,121.254105,120.307495,120.47117309570312,9.394592,9.394592,6.296776,6.296776,8.254105,8.254105,7.307495,7.307495,7.471173095703122,7.471173095703122,LSTM,3.0978165
24,20.0,33.954086,27.843304,24.347788,24.032625,25.74599418640137,13.954086,13.954086,7.8433037,7.8433037,4.347788,4.347788,4.032625,4.032625,5.745994186401369,5.745994186401369,Transformer,9.921461
25,125.0,109.087234,89.931984,104.258224,125.0,98.52772827148436,-15.9127655,15.9127655,-35.068016,35.068016,-20.741776,20.741776,0.0,0.0,-26.472271728515636,26.472271728515636,Transformer,35.068016
26,119.0,115.569016,117.22185,115.997444,112.08062,116.4872055053711,-3.4309845,3.4309845,-1.7781525,1.7781525,-3.0025558,3.0025558,-6.91938,6.91938,-2.5127944946289062,2.5127944946289062,LSTM,5.1412277
27,66.0,93.57467,80.57145,73.82756,118.826584,76.52511596679688,27.574669,27.574669,14.571449,14.571449,7.8275604,7.8275604,52.826584,52.826584,10.525115966796875,10.525115966796875,GRU,44.999023
28,97.0,104.26874,115.74859,112.13615,85.50039,113.58112335205078,7.268738,7.268738,18.748589,18.748589,15.136147,15.136147,-11.499611,11.499611,16.58112335205078,16.58112335205078,Ridge,30.2482
29,90.0,97.80436,112.6942,98.11391,97.33995,103.9460235595703,7.8043594,7.8043594,22.694199,22.694199,8.113907,8.113907,7.3399506,7.3399506,13.946023559570307,13.946023559570307,Transformer,15.354248
30,115.0,96.81391,111.55281,101.93265,96.67071,105.780712890625,-18.186089,18.186089,-3.4471893,3.4471893,-13.067352,13.067352,-18.329292,18.329292,-9.219287109375003,9.219287109375003,LSTM,14.882103
31,8.0,0.0,18.393257,10.016476,16.484274,13.367188262939454,-8.0,8.0,10.393257,10.393257,2.0164757,2.0164757,8.484274,8.484274,5.367188262939454,5.367188262939454,GRU,18.393257
32,48.0,58.518112,61.631012,59.368977,53.263287,60.273790740966795,10.518112,10.518112,13.631012,13.631012,11.368977,11.368977,5.2632866,5.2632866,12.273790740966795,12.273790740966795,Transformer,8.367725
33,106.0,101.540665,116.891655,111.368965,110.35395,113.57804107666016,-4.4593353,4.4593353,10.891655,10.891655,5.368965,5.368965,4.3539505,4.3539505,7.578041076660156,7.578041076660156,Transformer,15.35099
34,7.0,0.0,10.241069,7.5061584,6.904758,8.60012254714966,-7.0,7.0,3.2410688,3.2410688,0.50615835,0.50615835,-0.09524202,0.09524202,1.6001225471496596,1.6001225471496596,Transformer,10.241069
35,11.0,21.485443,17.043089,14.102489,7.678017,15.278729248046876,10.485443,10.485443,6.043089,6.043089,3.1024895,3.1024895,-3.3219829,3.3219829,4.278729248046876,4.278729248046876,GRU,13.807426
36,19.0,26.226837,31.066216,24.961918,23.80712,27.403636932373047,7.226837,7.226837,12.0662155,12.0662155,5.961918,5.961918,4.8071194,4.8071194,8.403636932373047,8.403636932373047,Transformer,7.259096
37,21.0,31.299614,28.58941,35.693665,35.843487,32.85196304321289,10.299614,10.299614,7.589411,7.589411,14.693665,14.693665,14.843487,14.843487,11.85196304321289,11.85196304321289,LSTM,7.254076
38,50.0,65.538124,63.09481,51.633736,81.266846,56.21816558837891,15.538124,15.538124,13.0948105,13.0948105,1.6337357,1.6337357,31.266846,31.266846,6.218165588378909,6.218165588378909,GRU,29.63311
39,125.0,125.0,120.22374,122.71208,116.285965,121.71674499511718,0.0,0.0,-4.7762604,4.7762604,-2.287918,2.287918,-8.714035,8.714035,-3.283255004882818,3.283255004882818,Ridge,8.714035
40,28.0,46.584625,36.99286,30.351791,29.705502,33.008218383789064,18.584625,18.584625,8.992859,8.992859,2.3517914,2.3517914,1.7055016,1.7055016,5.008218383789064,5.008218383789064,Transformer,16.879124
41,18.0,34.51847,25.387619,29.875183,35.907715,28.080157470703128,16.51847,16.51847,7.387619,7.387619,11.875183,11.875183,17.907715,17.907715,10.080157470703128,10.080157470703128,LSTM,10.520096
42,10.0,0.0,11.867183,9.888834,15.668341,10.68017349243164,-10.0,10.0,1.8671827,1.8671827,-0.111166,0.111166,5.6683407,5.6683407,0.6801734924316403,0.6801734924316403,GRU,15.668341
43,59.0,77.23249,59.227997,62.804173,116.53129,61.37370223999024,18.23249,18.23249,0.22799683,0.22799683,3.8041725,3.8041725,57.53129,57.53129,2.373702239990237,2.373702239990237,LSTM,57.30329
44,109.0,97.87547,115.05743,116.19998,112.65968,115.74295959472657,-11.124527,11.124527,6.0574265,6.0574265,7.1999817,7.1999817,3.6596832,3.6596832,6.742959594726571,6.742959594726571,Transformer,18.324509
45,114.0,73.08087,81.27503,62.453632,42.850845,69.98219223022461,-40.91913,40.91913,-32.724968,32.724968,-51.546368,51.546368,-71.149155,71.149155,-44.01780776977539,44.01780776977539,LSTM,38.424187
46,47.0,54.37339,40.78796,34.80038,34.39605,37.19541244506836,7.37339,7.37339,-6.21204,6.21204,-12.199619,12.199619,-12.6039505,12.6039505,-9.804587554931643,9.804587554931643,LSTM,19.97734
47,125.0,108.385574,114.02399,108.41257,106.77326,110.65713500976562,-16.614426,16.614426,-10.976013,10.976013,-16.587433,16.587433,-18.226738,18.226738,-14.342864990234375,14.342864990234375,LSTM,7.250725
48,92.0,97.93152,109.627785,111.43998,119.41882,110.71510162353516,5.9315186,5.9315186,17.627785,17.627785,19.43998,19.43998,27.418823,27.418823,18.715101623535162,18.715101623535162,Ridge,21.487305
49,21.0,25.39589,23.842266,16.39044,23.356123,19.371170425415038,4.3958893,4.3958893,2.842266,2.842266,-4.60956,4.60956,2.356123,2.356123,-1.6288295745849624,1.6288295745849624,Ensemble,9.005449
50,79.0,96.41364,84.07357,103.20808,125.0,95.55427398681641,17.413643,17.413643,5.0735703,5.0735703,24.208076,24.208076,46.0,46.0,16.554273986816412,16.554273986816412,LSTM,40.92643
51,114.0,96.40285,117.87072,113.09201,125.0,115.00349426269531,-17.597153,17.597153,3.87072,3.87072,-0.9079895,0.9079895,11.0,11.0,1.0034942626953125,1.0034942626953125,GRU,28.597153
52,29.0,43.377605,41.004433,42.79099,34.694225,42.07636642456055,14.377605,14.377605,12.004433,12.004433,13.790989,13.790989,5.6942253,5.6942253,13.076366424560547,13.076366424560547,Transformer,8.68338
53,26.0,37.349792,37.906715,32.745132,34.07685,34.809765625,11.3497925,11.3497925,11.906715,11.906715,6.7451324,6.7451324,8.076851,8.076851,8.809765624999997,8.809765624999997,GRU,5.161583
54,97.0,100.1524,117.3317,120.92749,113.4687,119.48917541503906,3.1523972,3.1523972,20.331703,20.331703,23.92749,23.92749,16.468697,16.468697,22.489175415039057,22.489175415039057,Ridge,20.775093
55,125.0,112.041145,115.06538,114.45015,120.709206,114.69624023437501,-12.958855,12.958855,-9.934624,9.934624,-10.54985,10.54985,-4.2907944,4.2907944,-10.303759765624989,10.303759765624989,Transformer,8.66806
56,15.0,36.253708,22.6466,18.556652,14.740385,20.19263153076172,21.253708,21.253708,7.6466007,7.6466007,3.556652,3.556652,-0.25961494,0.25961494,5.1926315307617195,5.1926315307617195,Transformer,21.513323
57,103.0,99.45689,112.51643,110.97395,122.28969,111.5909454345703,-3.5431137,3.5431137,9.516434,9.516434,7.9739532,7.9739532,19.289688,19.289688,8.590945434570301,8.590945434570301,Ridge,22.832802
58,37.0,57.54653,42.52742,38.45198,74.09001,40.082156372070315,20.546532,20.546532,5.52742,5.52742,1.4519806,1.4519806,37.09001,37.09001,3.0821563720703153,3.0821563720703153,GRU,35.63803
59,114.0,102.64316,113.42464,116.68298,116.26994,115.37964477539063,-11.356842,11.356842,-0.57536316,0.57536316,2.6829834,2.6829834,2.2699432,2.2699432,1.3796447753906307,1.3796447753906307,LSTM,14.039825
60,100.0,100.11636,116.036285,111.18151,102.06909,113.12342071533203,0.116363525,0.116363525,16.036285,16.036285,11.181511,11.181511,2.0690918,2.0690918,13.123420715332031,13.123420715332031,Ridge,15.919922
61,21.0,18.446014,25.54414,18.300344,20.409864,21.19786262512207,-2.5539856,2.5539856,4.54414,4.54414,-2.6996555,2.6996555,-0.5901356,0.5901356,0.1978626251220703,0.1978626251220703,Ensemble,7.2437954
62,54.0,45.856037,52.12879,43.234993,36.343044,46.792512512207026,-8.143963,8.143963,-1.8712082,1.8712082,-10.765007,10.765007,-17.656956,17.656956,-7.207487487792974,7.207487487792974,LSTM,15.785748
63,72.0,91.993515,78.28208,73.18814,52.535427,75.22571716308593,19.993515,19.993515,6.2820816,6.2820816,1.1881409,1.1881409,-19.464573,19.464573,3.225717163085932,3.225717163085932,GRU,39.458088
64,28.0,29.152527,27.859304,21.138481,33.673717,23.826810455322267,1.1525269,1.1525269,-0.14069557,0.14069557,-6.861519,6.861519,5.6737175,5.6737175,-4.173189544677733,4.173189544677733,LSTM,12.535236
65,125.0,120.530685,120.010864,121.885956,114.090225,121.13591918945312,-4.4693146,4.4693146,-4.9891357,4.9891357,-3.1140442,3.1140442,-10.909775,10.909775,-3.8640808105468807,3.8640808105468807,GRU,7.7957306
66,14.0,36.92356,23.783066,23.683674,18.360628,23.723430633544922,22.923561,22.923561,9.783066,9.783066,9.683674,9.683674,4.360628,4.360628,9.723430633544922,9.723430633544922,Transformer,18.562933
67,77.0,111.55588,119.47394,118.36757,117.292854,118.81011657714845,34.555878,34.555878,42.473938,42.473938,41.36757,41.36757,40.292854,40.292854,41.81011657714845,41.81011657714845,Ridge,7.9180603
68,8.0,0.0,14.960579,8.368096,7.6087613,11.005089378356935,-8.0,8.0,6.960579,6.960579,0.36809635,0.36809635,-0.3912387,0.3912387,3.005089378356935,3.005089378356935,GRU,14.960579
69,121.0,113.17466,119.91973,107.22188,120.25803,112.30101928710937,-7.8253403,7.8253403,-1.0802689,1.0802689,-13.778122,13.778122,-0.74196625,0.74196625,-8.69898071289063,8.69898071289063,Transformer,13.036156
70,94.0,92.9908,108.1959,104.86707,71.61305,106.19860382080077,-1.009201,1.009201,14.1959,14.1959,10.867073,10.867073,-22.386948,22.386948,12.19860382080077,12.19860382080077,Ridge,36.582848
71,118.0,111.1304,115.7445,112.859604,103.64796,114.01356201171876,-6.8695984,6.8695984,-2.2555008,2.2555008,-5.140396,5.140396,-14.352043,14.352043,-3.9864379882812386,3.9864379882812386,LSTM,12.096542
72,50.0,76.616394,76.2323,59.562305,79.672165,66.23030319213868,26.616394,26.616394,26.2323,26.2323,9.562305,9.562305,29.672165,29.672165,16.230303192138678,16.230303192138678,GRU,20.10986
73,125.0,107.87061,114.82475,115.56829,123.241486,115.2708755493164,-17.129387,17.129387,-10.175247,10.175247,-9.431709,9.431709,-1.7585144,1.7585144,-9.7291244506836,9.7291244506836,Transformer,15.3708725
74,125.0,95.955,113.40317,110.161835,63.352184,111.45836791992187,-29.044998,29.044998,-11.596832,11.596832,-14.838165,14.838165,-61.647816,61.647816,-13.54163208007813,13.54163208007813,LSTM,50.050983
75,113.0,100.4414,105.318825,111.083466,105.801636,108.7776092529297,-12.558601,12.558601,-7.681175,7.681175,-1.9165344,1.9165344,-7.1983643,7.1983643,-4.222390747070307,4.222390747070307,GRU,10.642067
76,10.0,0.0,12.84218,9.063161,10.012897,10.574768638610841,-10.0,10.0,2.8421803,2.8421803,-0.9368391,0.9368391,0.012896538,0.012896538,0.5747686386108413,0.5747686386108413,Transformer,12.84218
77,34.0,49.477493,29.63032,22.139748,52.342297,25.13597640991211,15.477493,15.477493,-4.3696804,4.3696804,-11.860252,11.860252,18.342297,18.342297,-8.86402359008789,8.86402359008789,LSTM,30.202549
78,107.0,125.0,120.96671,123.82442,121.109375,122.68133544921875,18.0,18.0,13.966713,13.966713,16.824417,16.824417,14.109375,14.109375,15.68133544921875,15.68133544921875,LSTM,4.033287
79,63.0,92.57232,112.404106,59.267185,113.60159,80.52195358276367,29.572319,29.572319,49.404106,49.404106,-3.7328148,3.7328148,50.601593,50.601593,17.521953582763672,17.521953582763672,GRU,54.334408
80,90.0,89.299835,109.505714,94.31236,56.51663,100.38970336914062,-0.7001648,0.7001648,19.505714,19.505714,4.3123627,4.3123627,-33.48337,33.48337,10.38970336914062,10.38970336914062,Ridge,52.989086
81,8.0,0.0,13.134254,9.798855,7.7248073,11.133014678955078,-8.0,8.0,5.1342545,5.1342545,1.7988548,1.7988548,-0.27519274,0.27519274,3.133014678955078,3.133014678955078,Transformer,13.134254
82,9.0,0.0,12.68068,9.590708,11.527844,10.82669677734375,-9.0,9.0,3.6806803,3.6806803,0.5907078,0.5907078,2.5278444,2.5278444,1.8266967773437504,1.8266967773437504,GRU,12.68068
83,125.0,125.0,120.10767,122.82594,125.0,121.73863525390624,0.0,0.0,-4.8923264,4.8923264,-2.174057,2.174057,0.0,0.0,-3.2613647460937614,3.2613647460937614,Ridge,4.8923264
84,58.0,76.95627,71.8909,66.971054,48.6702,68.93899230957031,18.956268,18.956268,13.8909,13.8909,8.971054,8.971054,-9.3298,9.3298,10.93899230957031,10.93899230957031,GRU,28.286068
85,118.0,125.0,119.819046,114.26608,108.28471,116.48726806640626,7.0,7.0,1.819046,1.819046,-3.7339172,3.7339172,-9.715286,9.715286,-1.5127319335937415,1.5127319335937415,Ensemble,16.715286
86,89.0,103.940125,115.468735,115.92168,80.729965,115.7404998779297,14.9401245,14.9401245,26.468735,26.468735,26.921677,26.921677,-8.270035,8.270035,26.740499877929693,26.740499877929693,Transformer,35.19171
87,116.0,125.0,116.74813,119.25319,117.50398,118.25116577148438,9.0,9.0,0.7481308,0.7481308,3.253189,3.253189,1.5039825,1.5039825,2.2511657714843807,2.2511657714843807,LSTM,8.251869
88,115.0,108.13304,117.03598,111.22179,107.05394,113.5474639892578,-6.8669586,6.8669586,2.0359802,2.0359802,-3.7782135,3.7782135,-7.94606,7.94606,-1.4525360107421932,1.4525360107421932,Ensemble,9.98204
89,125.0,105.43601,118.114395,113.24616,116.40489,115.19345550537109,-19.563988,19.563988,-6.885605,6.885605,-11.753838,11.753838,-8.595108,8.595108,-9.806544494628909,9.806544494628909,LSTM,12.678383
90,28.0,29.973587,33.928802,24.477121,32.44015,28.257793807983397,1.973587,1.973587,5.9288025,5.9288025,-3.5228786,3.5228786,4.440151,4.440151,0.257793807983397,0.257793807983397,Ensemble,9.451681
91,38.0,52.089314,31.276619,27.78471,20.041887,29.181473541259766,14.0893135,14.0893135,-6.723381,6.723381,-10.21529,10.21529,-17.958113,17.958113,-8.818526458740234,8.818526458740234,LSTM,32.047424
92,20.0,36.546227,28.754684,21.210155,21.496962,24.227967071533204,16.546227,16.546227,8.754684,8.754684,1.2101555,1.2101555,1.4969616,1.4969616,4.227967071533204,4.227967071533204,GRU,15.336071
93,85.0,64.06754,54.78825,43.344982,39.87359,47.92228927612305,-20.932457,20.932457,-30.21175,30.21175,-41.655018,41.655018,-45.12641,45.12641,-37.07771072387695,37.07771072387695,Ridge,24.193954
94,55.0,72.33947,74.020164,67.42641,90.12099,70.06390991210938,17.33947,17.33947,19.020164,19.020164,12.426407,12.426407,35.120987,35.120987,15.06390991210938,15.06390991210938,GRU,22.69458
95,125.0,105.65919,105.64546,101.512535,113.83432,103.16570587158203,-19.340813,19.340813,-19.354538,19.354538,-23.487465,23.487465,-11.16568,11.16568,-21.834294128417966,21.834294128417966,Transformer,12.321785
96,125.0,103.31112,113.76686,114.98872,115.87456,114.4999786376953,-21.68888,21.68888,-11.233139,11.233139,-10.011276,10.011276,-9.1254425,9.1254425,-10.500021362304693,10.500021362304693,Transformer,12.563438
97,82.0,98.040405,78.725296,82.13143,92.665344,80.76897735595703,16.040405,16.040405,-3.274704,3.274704,0.13143158,0.13143158,10.665344,10.665344,-1.231022644042966,1.231022644042966,GRU,19.31511
98,59.0,77.70619,69.06576,62.906403,75.64386,65.37014465332031,18.706192,18.706192,10.065758,10.065758,3.9064026,3.9064026,16.64386,16.64386,6.37014465332031,6.37014465332031,GRU,14.799789
99,117.0,105.18067,117.50951,120.47765,122.17736,119.29039459228515,-11.819328,11.819328,0.5095062,0.5095062,3.4776535,3.4776535,5.1773605,5.1773605,2.2903945922851534,2.2903945922851534,LSTM,16.996689
100,20.0,16.50962,24.603586,23.276848,22.705383,23.807543182373045,-3.4903793,3.4903793,4.603586,4.603586,3.2768478,3.2768478,2.7053833,2.7053833,3.8075431823730455,3.8075431823730455,Transformer,8.093966
