unit,observed_cycles,recent_window_used,initial_predicted_rul,final_predicted_rul,all_history_slope,recent_slope,recent_degradation_rate,recent_predicted_drop,recent_expected_drop,recent_decline_ratio,recent_prediction_range,recent_prediction_std,recent_residual_std,monotonicity_violation_rate,flat_step_rate,large_jump_count,largest_single_cycle_jump,trajectory_flag,raw_final_actual_rul,final_actual_rul,final_prediction_error,final_absolute_error
1,31,20,120.77445220947266,113.40349578857422,-0.18945300502162063,-0.509069875846229,0.509069875846229,11.596504211425781,19.0,0.6103423269171464,11.596504211425781,3.2603895174816295,1.418919025446957,0.05263157894736842,0.3684210526315789,0,3.4560165405273438,Consistent degradation,112.0,112.0,1.4034957885742188,1.4034957885742188
4,106,20,114.10880279541016,84.32096099853516,-0.08150111637893413,-0.48332888954564196,0.48332888954564196,26.350303649902344,19.0,1.3868580868369655,29.179779052734375,6.193244920215095,5.530719304702759,0.15789473684210525,0.3684210526315789,1,22.047828674316406,Consistent degradation,82.0,82.0,2.3209609985351562,2.3209609985351562
5,98,20,120.11387634277344,107.89505004882812,0.29769290649027985,-0.5172263181299188,0.5172263181299188,3.8235321044921875,19.0,0.2012385318153783,16.579116821289062,4.310943666547255,3.11273086093492,0.21052631578947367,0.42105263157894735,0,9.792533874511719,Consistent degradation,91.0,91.0,16.895050048828125,16.895050048828125
11,83,20,92.54529571533203,83.07420349121094,-0.10947504192109024,-0.5319948182070126,0.5319948182070126,8.786628723144531,19.0,0.4624541433233964,27.595535278320312,8.399707843583482,7.819509394977235,0.2631578947368421,0.2631578947368421,1,12.184646606445312,Consistent degradation,97.0,97.0,-13.925796508789062,13.925796508789062
15,76,20,121.6927261352539,107.39862060546875,-0.1385909926752818,-0.6652821935209107,0.6652821935209107,15.7650146484375,19.0,0.8297376130756579,16.41254425048828,5.174798276184335,3.4730496682913277,0.3157894736842105,0.05263157894736842,0,6.745048522949219,Consistent degradation,83.0,83.0,24.39862060546875,24.39862060546875
17,165,20,119.90757751464844,59.24847412109375,-0.3539497780162307,-1.6690397104822579,1.6690397104822579,26.45989990234375,19.0,1.392626310649671,34.33666229248047,11.489790355880363,6.27622272651221,0.2631578947368421,0.10526315789473684,1,13.516956329345703,Consistent degradation,50.0,50.0,9.24847412109375,9.24847412109375
20,184,20,116.1897964477539,17.964183807373047,-0.5641058815296969,-0.7080707965936887,0.7080707965936887,15.631786346435547,19.0,0.8227255971808183,17.039539337158203,4.672208473578748,2.271380771403774,0.15789473684210525,0.10526315789473684,0,3.476316452026367,Consistent degradation,16.0,16.0,1.9641838073730469,1.9641838073730469
22,39,20,124.91574096679688,112.48757934570312,-0.4552861109436279,-0.7446755717571485,0.7446755717571485,12.512420654296875,19.0,0.6585484554893092,14.494422912597656,5.1842540764917056,2.9048198853211473,0.10526315789473684,0.5789473684210527,1,10.452827453613281,Consistent degradation,111.0,111.0,1.487579345703125,1.487579345703125
25,48,20,118.27359008789062,104.25822448730469,-0.16503182153208923,-0.9317850098574039,0.9317850098574039,19.525848388671875,19.0,1.0276762309827303,19.525848388671875,6.319769883588892,3.327321220401547,0.15789473684210525,0.15789473684210525,1,10.32940673828125,Consistent degradation,145.0,125.0,-20.741775512695312,20.741775512695312
27,140,20,124.32121276855469,73.82756042480469,-0.3322146724078557,-1.5324837792188606,1.5324837792188606,20.495933532714844,19.0,1.078733343827097,44.329925537109375,13.497918461259298,10.203232847761436,0.3157894736842105,0.21052631578947367,1,27.842628479003906,Consistent degradation,66.0,66.0,7.8275604248046875,7.8275604248046875
31,196,20,117.8875503540039,10.016475677490234,-0.5962353685833175,-0.5127864249666831,0.5127864249666831,16.07070541381836,19.0,0.8458266007272821,16.07070541381836,3.765227913153825,2.331063378973531,0.10526315789473684,0.2631578947368421,0,3.321761131286621,Consistent degradation,8.0,8.0,2.0164756774902344,2.0164756774902344
34,203,20,123.0470199584961,7.506158351898193,-0.5859407872140041,-0.7458840739458126,0.7458840739458126,19.51532220840454,19.0,1.0271222214949758,19.51532220840454,4.652547465084145,1.7742016355649424,0.0,0.15789473684210525,0,2.9250106811523438,Consistent degradation,7.0,7.0,0.5061583518981934,0.5061583518981934
35,198,20,125.0,14.102489471435547,-0.5057031056686075,-0.4890211707667301,0.4890211707667301,11.993534088134766,19.0,0.6312386362176192,13.524040222167969,3.145681951891429,1.3942213726574655,0.10526315789473684,0.42105263157894735,0,5.988861083984375,Consistent degradation,11.0,11.0,3.102489471435547,3.102489471435547
36,126,20,71.39366149902344,24.961917877197266,-0.692054125070303,-0.8064581706111599,0.8064581706111599,19.33712387084961,19.0,1.0177433616236637,19.33712387084961,5.02727730256229,1.91011926601984,0.10526315789473684,0.3684210526315789,0,5.165351867675781,Consistent degradation,19.0,19.0,5.961917877197266,5.961917877197266
37,121,20,124.21719360351562,35.69366455078125,-0.8443198134139734,-1.176855245030911,1.176855245030911,18.083995819091797,19.0,0.9517892536364103,23.799285888671875,7.708415111197139,3.656337460303662,0.3684210526315789,0.05263157894736842,0,7.815288543701172,Consistent degradation,21.0,21.0,14.69366455078125,14.69366455078125
38,125,20,113.09078216552734,51.63373565673828,-0.35697616305255975,-1.064765738006816,1.064765738006816,16.512901306152344,19.0,0.8691000687448602,32.13124084472656,8.513820172194622,5.898198188410069,0.2631578947368421,0.15789473684210525,0,5.660430908203125,Consistent degradation,50.0,50.0,1.6337356567382812,1.6337356567382812
40,133,20,110.7336196899414,30.351791381835938,-0.6380229182544033,-1.2257641684740097,1.2257641684740097,20.903358459472656,19.0,1.1001767610248767,23.25922393798828,7.604676923314255,2.80589724815821,0.15789473684210525,0.15789473684210525,0,5.0184326171875,Consistent degradation,28.0,28.0,2.3517913818359375,2.3517913818359375
41,123,20,124.2476577758789,29.87518310546875,-0.8208420351951982,-1.0900460996125876,1.0900460996125876,23.680797576904297,19.0,1.2463577672054893,27.572101593017578,8.256070256571206,5.3530392750622795,0.3157894736842105,0.05263157894736842,1,10.417915344238281,Consistent degradation,18.0,18.0,11.87518310546875,11.87518310546875
42,156,20,124.20130920410156,9.888833999633789,-0.7743189952607555,-1.2682413595959634,1.2682413595959634,23.110960006713867,19.0,1.216366316142835,23.110960006713867,7.420572277815763,1.2587259707641716,0.0,0.05263157894736842,0,3.394655227661133,Consistent degradation,10.0,10.0,-0.11116600036621094,0.11116600036621094
44,54,20,119.90635681152344,116.19998168945312,0.29924329114637244,-0.7834213256835915,0.7834213256835915,8.800018310546875,19.0,0.4631588584498355,17.215110778808594,5.659685877667346,3.409529419700105,0.21052631578947367,0.3157894736842105,0,7.261787414550781,Consistent degradation,109.0,109.0,7.199981689453125,7.199981689453125
46,146,20,116.47532653808594,34.80038070678711,-0.333157592180932,-0.8528988228704695,0.8528988228704695,24.029029846191406,19.0,1.264685781378495,24.029029846191406,5.93859100600011,3.3286037265279065,0.2631578947368421,0.05263157894736842,0,9.33083724975586,Consistent degradation,47.0,47.0,-12.19961929321289,12.19961929321289
48,78,20,119.74878692626953,111.43997955322266,-0.010318166477385612,-0.7330606274138712,0.7330606274138712,9.684745788574219,19.0,0.5097234625565378,20.47168731689453,5.753398932939706,3.9030481237565877,0.3157894736842105,0.15789473684210525,1,10.881126403808594,Consistent degradation,92.0,92.0,19.439979553222656,19.439979553222656
49,303,20,122.13150024414062,16.390439987182617,-0.32033103301306753,-0.8659687529829173,0.8659687529829173,14.023735046386719,19.0,0.7380913182308799,17.12026023864746,5.211190058890922,1.490726092173079,0.10526315789473684,0.3684210526315789,0,3.690340042114258,Consistent degradation,21.0,21.0,-4.609560012817383,4.609560012817383
50,74,20,117.95098876953125,103.20807647705078,-0.17359868862769273,-0.4642568315778472,0.4642568315778472,12.964805603027344,19.0,0.6823581896330181,16.62183380126953,3.7292620711506763,2.596319819842162,0.21052631578947367,0.10526315789473684,0,6.9600067138671875,Consistent degradation,79.0,79.0,24.20807647705078,24.20807647705078
52,189,20,124.16938018798828,42.79098892211914,-0.3677630249000659,-0.9852853072317045,0.9852853072317045,19.087703704833984,19.0,1.0046159844649465,19.087703704833984,6.084773613016041,2.1784851682199964,0.10526315789473684,0.10526315789473684,0,5.008022308349609,Consistent degradation,29.0,29.0,13.79098892211914,13.79098892211914
53,164,20,123.57791137695312,32.74513244628906,-0.4925379558532771,-1.4299206382349936,1.4299206382349936,27.772647857666016,19.0,1.4617183082982113,27.8485107421875,8.916102820865481,3.3928618023536914,0.10526315789473684,0.15789473684210525,1,10.659320831298828,Consistent degradation,26.0,26.0,6.7451324462890625,6.7451324462890625
56,136,20,112.42727661132812,18.556652069091797,-0.7730240127545646,-0.6894061296506038,0.6894061296506038,12.269941329956055,19.0,0.6457863857871607,12.804309844970703,4.171173717403848,1.263171878671492,0.15789473684210525,0.2631578947368421,0,3.5307159423828125,Consistent degradation,15.0,15.0,3.556652069091797,3.556652069091797
62,232,20,123.98094177246094,43.23499298095703,-0.2255407763619826,-1.2441348312492604,1.2441348312492604,28.557334899902344,19.0,1.5030176263106496,31.203628540039062,7.651901482475268,2.661741843814534,0.21052631578947367,0.10526315789473684,0,6.465476989746094,Consistent degradation,54.0,54.0,-10.765007019042969,10.765007019042969
66,147,20,123.9491958618164,23.683673858642578,-0.8035843988490975,-0.32186738638053264,0.32186738638053264,7.554176330566406,19.0,0.3975882279245477,7.554176330566406,2.0932302585077056,0.9679664177124219,0.10526315789473684,0.3684210526315789,0,2.5488243103027344,Consistent degradation,14.0,14.0,9.683673858642578,9.683673858642578
68,187,20,121.47594451904297,8.368096351623535,-0.6393392339298316,-1.0576442869086002,1.0576442869086002,18.175585746765137,19.0,0.9566097761455336,18.389302253723145,6.216133969226275,1.2027016347198807,0.05263157894736842,0.3157894736842105,0,3.6080703735351562,Consistent degradation,8.0,8.0,0.36809635162353516,0.36809635162353516
72,131,20,123.24175262451172,59.56230545043945,-0.4111856383902657,-1.4365834228974552,1.4365834228974552,25.96627426147461,19.0,1.3666460137618215,30.30547332763672,8.990472158419408,3.4940195945979475,0.2631578947368421,0.15789473684210525,1,12.460517883300781,Consistent degradation,50.0,50.0,9.562305450439453,9.562305450439453
76,205,20,122.45763397216797,9.06316089630127,-0.5736833118179894,-0.9144751125708547,0.9144751125708547,18.468974113464355,19.0,0.972051269129703,18.468974113464355,5.337366248573073,0.8256368140110387,0.0,0.3157894736842105,0,2.363801956176758,Consistent degradation,10.0,10.0,-0.9368391036987305,0.9368391036987305
81,213,20,117.43409729003906,9.79885482788086,-0.5481042658835533,-0.681137402613361,0.681137402613361,15.724281311035156,19.0,0.8275937532123766,15.724281311035156,4.055415391341748,1.010008730229079,0.05263157894736842,0.3684210526315789,0,4.443356513977051,Consistent degradation,8.0,8.0,1.7988548278808594,1.7988548278808594
82,162,20,118.86897277832031,9.590707778930664,-0.668054304530325,-1.0133722893277515,1.0133722893277515,19.919944763183594,19.0,1.0484181454307155,19.919944763183594,5.921940904465274,0.9613434002122081,0.05263157894736842,0.15789473684210525,0,2.8365631103515625,Consistent degradation,9.0,9.0,0.5907077789306641,0.5907077789306641
90,146,20,118.2397232055664,24.477121353149414,-0.6344482079691147,-0.5849206178708188,0.5849206178708188,16.80694007873535,19.0,0.88457579361765,16.80694007873535,4.41068196288835,2.8422213287327738,0.15789473684210525,0.2631578947368421,0,6.877586364746094,Consistent degradation,28.0,28.0,-3.522878646850586,3.522878646850586
91,234,20,108.91574096679688,27.784709930419922,-0.36966723362291604,-1.0940663703402127,1.0940663703402127,15.933555603027344,19.0,0.8386081896330181,19.032962799072266,6.651816640020158,2.1088003597687637,0.15789473684210525,0.2631578947368421,0,4.359828948974609,Consistent degradation,38.0,38.0,-10.215290069580078,10.215290069580078
92,150,20,88.52275085449219,21.210155487060547,-0.6281550301771773,-0.9801847701682176,0.9801847701682176,26.45682144165039,19.0,1.3924642864026522,26.45682144165039,6.7654539563524345,3.718336271574496,0.2631578947368421,0.10526315789473684,0,6.866436004638672,Consistent degradation,20.0,20.0,1.2101554870605469,1.2101554870605469
93,244,20,113.88975524902344,43.3449821472168,-0.24569490765027882,-0.510376128576751,0.510376128576751,12.173912048339844,19.0,0.6407322130705181,14.964698791503906,4.2206853955300545,3.02540891507126,0.3157894736842105,0.10526315789473684,0,6.7092132568359375,Consistent degradation,85.0,85.0,-41.6550178527832,41.6550178527832
95,89,20,123.93303680419922,101.51253509521484,-0.15498643705623316,-0.8163295659803764,0.8163295659803764,8.416526794433594,19.0,0.44297509444387334,21.994613647460938,6.185650696228237,4.013063088961199,0.42105263157894735,0.10526315789473684,0,7.3375396728515625,Consistent degradation,128.0,125.0,-23.487464904785156,23.487464904785156
96,97,20,121.64575958251953,114.98872375488281,-0.053829124895316736,-0.4371353321505673,0.4371353321505673,5.7137908935546875,19.0,0.30072583650287826,8.863876342773438,2.92396841464085,1.4818699709788892,0.15789473684210525,0.42105263157894735,0,3.420806884765625,Consistent degradation,137.0,125.0,-10.011276245117188,10.011276245117188
97,134,20,119.39254760742188,82.13143157958984,-0.11451378364759363,-0.9044799862051373,0.9044799862051373,29.88434600830078,19.0,1.5728603162263568,36.458763122558594,7.7669899055337615,5.755418115271528,0.3157894736842105,0.10526315789473684,1,23.285301208496094,Consistent degradation,82.0,82.0,0.13143157958984375,0.13143157958984375
2,49,20,114.0106201171875,113.80567169189453,-0.0232481524409069,0.06298377818631062,-0.06298377818631062,-1.3447723388671875,19.0,-0.07077749151932566,5.181571960449219,1.1787292981512194,1.1213837259648771,0.15789473684210525,0.631578947368421,0,3.5456695556640625,High-RUL plateau — review,98.0,98.0,15.805671691894531,15.805671691894531
8,166,20,122.72760009765625,108.9859390258789,-0.059225126323610544,-0.06188500770052548,0.06188500770052548,-3.7225418090820312,19.0,-0.1959232531095806,7.384857177734375,1.9570484762858824,1.9242399569989348,0.3157894736842105,0.3157894736842105,0,6.88861083984375,High-RUL plateau — review,95.0,95.0,13.985939025878906,13.985939025878906
9,55,20,114.19940185546875,113.6546401977539,-0.02315829498599466,0.01084259147931026,-0.01084259147931026,-1.8314743041992188,19.0,-0.09639338443153783,2.4480743408203125,0.68718300927179,0.6843329297313988,0.10526315789473684,0.5789473684210527,0,1.4021682739257812,High-RUL plateau — review,111.0,111.0,2.6546401977539062,2.6546401977539062
12,217,20,122.71571350097656,106.12698364257812,-0.08339671594665884,1.40969097739772,-1.40969097739772,-16.804443359375,19.0,-0.8844443873355263,35.529808044433594,10.216202011095428,6.188330215866437,0.5263157894736842,0.05263157894736842,0,7.72509765625,High-RUL plateau — review,124.0,124.0,-17.873016357421875,17.873016357421875
14,46,20,107.55868530273438,111.80850219726562,0.02646593581442792,-0.02170057942096296,0.02170057942096296,0.6225204467773438,19.0,0.03276423404091283,3.3579864501953125,0.813550955732635,0.8038701567597221,0.10526315789473684,0.5263157894736842,0,1.822845458984375,High-RUL plateau — review,107.0,107.0,4.808502197265625,4.808502197265625
16,113,20,123.75922393798828,103.67164611816406,-0.11304135576075999,-0.27437994247092234,0.27437994247092234,6.511566162109375,19.0,0.34271400853207235,12.763389587402344,3.5096255326906274,3.1327729965806537,0.21052631578947367,0.3157894736842105,0,8.683982849121094,High-RUL plateau — review,84.0,84.0,19.671646118164062,19.671646118164062
19,135,20,123.9494857788086,98.68255615234375,-0.14722437763223412,0.8742387240990669,-0.8742387240990669,-11.348281860351562,19.0,-0.5972779926500822,34.28620910644531,9.928246409783272,8.553205422245036,0.5263157894736842,0.05263157894736842,0,8.572395324707031,High-RUL plateau — review,87.0,87.0,11.68255615234375,11.68255615234375
23,130,20,124.3360824584961,121.25410461425781,-0.020619254232120986,-0.08171403927910431,0.08171403927910431,0.335601806640625,19.0,0.017663252981085526,4.375762939453125,1.1728036480159012,1.0739888368323185,0.15789473684210525,0.5789473684210527,0,3.40142822265625,High-RUL plateau — review,113.0,113.0,8.254104614257812,8.254104614257812
26,76,20,122.93426513671875,115.99744415283203,-0.02082664567969722,-0.1899047277923807,0.1899047277923807,4.720252990722656,19.0,0.24843436793277138,5.077392578125,1.7301723322325564,1.3395427435371061,0.21052631578947367,0.3157894736842105,0,4.468780517578125,High-RUL plateau — review,119.0,119.0,-3.0025558471679688,3.0025558471679688
28,158,20,124.61026763916016,112.13614654541016,-0.057958272150856784,-0.056581012467693495,0.056581012467693495,1.6185226440429688,19.0,0.08518540231805098,2.4154815673828125,0.674627110194503,0.590486937192294,0.05263157894736842,0.5263157894736842,0,1.6436004638671875,High-RUL plateau — review,97.0,97.0,15.136146545410156,15.136146545410156
33,50,20,112.56181335449219,111.36896514892578,-0.029553254162994293,0.04781301971665127,-0.04781301971665127,-1.8638534545898438,19.0,-0.09809755024157073,3.8571014404296875,1.0292108869303913,0.9915960510038437,0.05263157894736842,0.3684210526315789,0,1.1611480712890625,High-RUL plateau — review,106.0,106.0,5.368965148925781,5.368965148925781
39,37,20,123.98245239257812,122.71208190917969,0.03802888163914334,0.06318225717185784,-0.06318225717185784,-0.27117919921875,19.0,-0.01427258943256579,3.0000991821289062,0.8085241202943282,0.721787594925584,0.05263157894736842,0.5789473684210527,0,1.1627120971679688,High-RUL plateau — review,142.0,125.0,-2.2879180908203125,2.2879180908203125
47,73,20,83.98220825195312,108.41256713867188,0.15353763019628122,-0.04395486932051875,0.04395486932051875,1.3812637329101562,19.0,0.07269809120579769,4.614097595214844,1.2279304393627801,1.2014878894766097,0.15789473684210525,0.47368421052631576,0,4.150489807128906,High-RUL plateau — review,135.0,125.0,-16.587432861328125,16.587432861328125
51,144,20,121.8604736328125,113.09201049804688,0.04008867075067469,0.25184449504192796,-0.25184449504192796,-2.7745513916015625,19.0,-0.14602902061060855,16.04192352294922,4.471061525885775,4.228650886074521,0.3684210526315789,0.15789473684210525,1,11.673332214355469,High-RUL plateau — review,114.0,114.0,-0.907989501953125,0.907989501953125
54,121,20,123.6829605102539,120.927490234375,-0.02762482796495812,-0.09158914895882288,0.09158914895882288,1.5173568725585938,19.0,0.07986088802939967,4.5713653564453125,1.3116421882526148,1.2006186755674397,0.15789473684210525,0.2631578947368421,0,2.6863250732421875,High-RUL plateau — review,97.0,97.0,23.927490234375,23.927490234375
55,113,20,121.24747467041016,114.45014953613281,-0.09204660022605403,-0.2525831581058348,0.2525831581058348,1.2523193359375,19.0,0.06591154399671052,13.712905883789062,3.4777713370710517,3.1581009486676663,0.3684210526315789,0.05263157894736842,0,6.5575408935546875,High-RUL plateau — review,137.0,125.0,-10.549850463867188,10.549850463867188
57,160,20,107.6708755493164,110.97395324707031,-0.016700717280481524,0.3180614270661993,-0.3180614270661993,2.0794219970703125,19.0,0.10944326300370066,21.227981567382812,6.65929421290031,6.40175970263934,0.3684210526315789,0.05263157894736842,1,13.153633117675781,High-RUL plateau — review,103.0,103.0,7.9739532470703125,7.9739532470703125
59,94,20,123.8094482421875,116.6829833984375,-0.03840920759350583,-0.3789141834230348,0.3789141834230348,6.064605712890625,19.0,0.3191897743626645,8.991043090820312,2.593142556303333,1.3965986182650325,0.15789473684210525,0.2631578947368421,0,2.66571044921875,High-RUL plateau — review,114.0,114.0,2.6829833984375,2.6829833984375
65,71,20,123.51226806640625,121.88595581054688,-0.023532060742138733,0.06279347928843108,-0.06279347928843108,-1.280853271484375,19.0,-0.067413330078125,2.3385238647460938,0.7042821485965234,0.6040760674067557,0.21052631578947367,0.5263157894736842,0,1.5856170654296875,High-RUL plateau — review,128.0,125.0,-3.114044189453125,3.114044189453125
67,71,20,123.23724365234375,118.36756896972656,0.12990516724001178,-0.06533862809489548,0.06533862809489548,1.7254180908203125,19.0,0.09081147846422698,13.497962951660156,4.266236790976584,4.249567927919047,0.3157894736842105,0.21052631578947367,0,7.071754455566406,High-RUL plateau — review,77.0,77.0,41.36756896972656,41.36756896972656
71,68,20,122.06599426269531,112.85960388183594,-0.15262598532158267,-0.10034963851584529,0.10034963851584529,5.693473815917969,19.0,0.2996565166272615,9.375190734863281,2.233143584593693,2.1568729931467425,0.47368421052631576,0.10526315789473684,0,6.106483459472656,High-RUL plateau — review,118.0,118.0,-5.1403961181640625,5.1403961181640625
73,112,20,123.92205047607422,115.56829071044922,-0.08182633971151258,0.15092497517291925,-0.15092497517291925,4.022758483886719,19.0,0.21172413073087992,15.797073364257812,4.835977654403332,4.757026360924902,0.3684210526315789,0.10526315789473684,0,6.683296203613281,High-RUL plateau — review,131.0,125.0,-9.431709289550781,9.431709289550781
74,137,20,118.68151092529297,110.16183471679688,0.049842295599577244,-0.11337284862547128,0.11337284862547128,3.19537353515625,19.0,0.16817755448190788,3.199249267578125,1.0951142710117203,0.8785781828000272,0.15789473684210525,0.3684210526315789,0,2.0030288696289062,High-RUL plateau — review,126.0,125.0,-14.838165283203125,14.838165283203125
78,72,20,122.65574645996094,123.82441711425781,0.008214238970461162,0.021144425241568406,-0.021144425241568406,-1.0854721069335938,19.0,-0.05713011089124178,1.3094558715820312,0.3191371121459081,0.2949285726219995,0.0,0.7894736842105263,0,0.65594482421875,High-RUL plateau — review,107.0,107.0,16.824417114257812,16.824417114257812
83,73,20,118.73432159423828,122.82594299316406,-0.14445892822649808,1.344037352827258,-1.344037352827258,-27.601104736328125,19.0,-1.452689722964638,28.80791473388672,8.533167244321824,3.5708448197711333,0.5263157894736842,0.2631578947368421,0,8.008346557617188,High-RUL plateau — review,137.0,125.0,-2.1740570068359375,2.1740570068359375
86,110,20,120.16693878173828,115.92167663574219,0.2801501416483945,0.9285341076384819,-0.9285341076384819,-17.277801513671875,19.0,-0.9093579744037829,32.22657012939453,8.370409360245413,6.434004547887598,0.42105263157894735,0.15789473684210525,1,15.223365783691406,High-RUL plateau — review,89.0,89.0,26.921676635742188,26.921676635742188
87,56,20,122.27059173583984,119.25318908691406,-0.042617059943616024,-0.18811308781903363,0.18811308781903363,2.8301773071289062,19.0,0.1489567003752056,5.167327880859375,1.5402159796331687,1.0934637693011893,0.15789473684210525,0.2631578947368421,0,2.420440673828125,High-RUL plateau — review,116.0,116.0,3.2531890869140625,3.2531890869140625
88,68,20,113.74205017089844,111.22178649902344,0.4118617580160584,0.411353302001954,-0.411353302001954,-10.919059753417969,19.0,-0.5746873554430509,11.722869873046875,3.4972071598585197,2.5698587986419956,0.21052631578947367,0.5263157894736842,0,7.683929443359375,High-RUL plateau — review,115.0,115.0,-3.7782135009765625,3.7782135009765625
89,177,20,114.06031799316406,113.24616241455078,-0.00630877387442905,-0.07202339459182532,0.07202339459182532,0.46477508544921875,19.0,0.02446184660259046,3.597381591796875,0.8082402773685503,0.6933774689569666,0.05263157894736842,0.7894736842105263,0,3.231536865234375,High-RUL plateau — review,136.0,125.0,-11.753837585449219,11.753837585449219
99,97,20,123.68190002441406,120.47765350341797,-0.016341687151689967,-0.08900852059959526,0.08900852059959526,2.487945556640625,19.0,0.13094450298108554,3.4709548950195312,0.8338383130604657,0.6571625755814554,0.0,0.7368421052631579,0,1.8902664184570312,High-RUL plateau — review,117.0,117.0,3.4776535034179688,3.4776535034179688
29,171,20,124.18885040283203,98.11390686035156,-0.13057195748732867,-0.8254956754526757,0.8254956754526757,3.8732070922851562,19.0,0.2038530048571135,23.027389526367188,6.8178042525501334,4.881031797913015,0.47368421052631576,0.0,0,7.010765075683594,Mixed trajectory,90.0,90.0,8.113906860351562,8.113906860351562
58,176,20,122.34890747070312,38.45198059082031,-0.46847117051400156,-0.1663501223227122,0.1663501223227122,2.5277671813964844,19.0,0.133040377968236,14.519371032714844,3.8109247623249702,3.6882301267421798,0.2631578947368421,0.2631578947368421,0,8.490089416503906,Mixed trajectory,37.0,37.0,1.4519805908203125,1.4519805908203125
84,172,20,115.99268341064453,66.97105407714844,-0.2674588226715211,-0.05587998010162052,0.05587998010162052,2.1221847534179688,19.0,0.11169393439041941,23.442001342773438,5.23561737849173,5.22569266309332,0.47368421052631576,0.10526315789473684,1,14.970954895019531,Mixed trajectory,58.0,58.0,8.971054077148438,8.971054077148438
7,160,20,122.47271728515625,105.65744018554688,-0.10724939702614109,0.46647107117158054,-0.46647107117158054,8.521942138671875,19.0,0.4485232704564145,23.25152587890625,7.0454598263130395,6.5117940508904475,0.3157894736842105,0.10526315789473684,0,8.783035278320312,RUL increasing despite ageing,91.0,91.0,14.657440185546875,14.657440185546875
18,133,20,118.9267578125,30.684062957763672,-0.5627300446607091,-2.5356657472768216,2.5356657472768216,42.77267837524414,19.0,2.25119359869706,43.80231857299805,15.31534701126996,4.558028968426034,0.15789473684210525,0.15789473684210525,1,11.279651641845703,Rapid degradation signal,28.0,28.0,2.684062957763672,2.684062957763672
24,186,20,123.75875854492188,24.347787857055664,-0.49028438505707495,-1.4672856882998813,1.4672856882998813,30.48243522644043,19.0,1.6043386961284436,30.48243522644043,8.811577593366353,2.4615172668874075,0.05263157894736842,0.0,0,5.926856994628906,Rapid degradation signal,20.0,20.0,4.347787857055664,4.347787857055664
32,145,20,122.64191436767578,59.36897659301758,-0.35968396383990375,-1.6622214267128397,1.6622214267128397,35.42948532104492,19.0,1.8647097537392063,36.31637191772461,10.921473247338469,5.2354073879218115,0.10526315789473684,0.2631578947368421,1,13.579917907714844,Rapid degradation signal,48.0,48.0,11.368976593017578,11.368976593017578
61,159,20,123.14643096923828,18.300344467163086,-0.6406158051457762,-1.8851861810325703,1.8851861810325703,33.087148666381836,19.0,1.7414288771779913,33.12588691711426,11.103320947314801,2.26178367635752,0.10526315789473684,0.10526315789473684,0,8.293262481689453,Rapid degradation signal,21.0,21.0,-2.699655532836914,2.699655532836914
64,168,20,122.64695739746094,21.13848114013672,-0.45091853281847016,-1.939564532803415,1.939564532803415,33.55631637573242,19.0,1.7661219145122327,40.75174331665039,12.496750969750273,5.575415510769818,0.15789473684210525,0.15789473684210525,0,9.733203887939453,Rapid degradation signal,28.0,28.0,-6.861518859863281,6.861518859863281
100,198,20,122.80377197265625,23.27684783935547,-0.42965261791623416,-1.6984801371294753,1.6984801371294753,30.240062713623047,19.0,1.5915822480854236,30.240062713623047,10.13919120880078,2.6234408815897154,0.05263157894736842,0.15789473684210525,0,8.475227355957031,Rapid degradation signal,20.0,20.0,3.2768478393554688,3.2768478393554688
3,126,20,113.35074615478516,42.99367141723633,-0.22171212457314213,-2.6075356705744577,2.6075356705744577,46.16775131225586,19.0,2.4298816480134664,57.834346771240234,17.074238787016878,8.090415599228752,0.2631578947368421,0.0,3,11.822036743164062,Unstable trajectory,69.0,69.0,-26.006328582763672,26.006328582763672
6,105,20,124.03973388671875,111.11564636230469,-0.08183752594215662,-0.38058978202647514,0.38058978202647514,2.120208740234375,19.0,0.11158993369654606,18.1571044921875,4.1536299890288575,3.526531827188919,0.15789473684210525,0.3684210526315789,2,11.490982055664062,Unstable trajectory,93.0,93.0,18.115646362304688,18.115646362304688
10,192,20,121.30042266845703,90.00485229492188,-0.1729896789203388,1.5548833689295285,-1.5548833689295285,-18.239105224609375,19.0,-0.9599529065583882,40.45184326171875,11.713406512137215,7.5376800770333325,0.631578947368421,0.05263157894736842,3,11.084831237792969,Unstable trajectory,96.0,96.0,-5.995147705078125,5.995147705078125
13,195,20,122.329345703125,69.61408996582031,-0.1490698046454987,-0.3153687957534179,0.3153687957534179,21.317771911621094,19.0,1.1219879953484786,39.321434020996094,10.163685716255316,9.99967730566466,0.47368421052631576,0.10526315789473684,5,21.456588745117188,Unstable trajectory,95.0,95.0,-25.385910034179688,25.385910034179688
21,148,20,123.8825912475586,74.05229187011719,-0.1675756072040621,-1.3473547799246617,1.3473547799246617,29.31982421875,19.0,1.5431486430921053,39.572715759277344,11.170941952416001,8.026771522845815,0.42105263157894735,0.05263157894736842,2,12.056083679199219,Unstable trajectory,57.0,57.0,17.052291870117188,17.052291870117188
30,143,20,113.49634552001953,101.93264770507812,-0.16401315476679243,1.715359709316627,-1.715359709316627,-30.75446319580078,19.0,-1.6186559576737254,37.61956787109375,11.57185792971283,6.005925111498305,0.631578947368421,0.10526315789473684,3,11.081565856933594,Unstable trajectory,115.0,115.0,-13.067352294921875,13.067352294921875
43,172,20,118.54293823242188,62.80417251586914,-0.11141256706554893,-3.042056262941285,3.042056262941285,46.28059768676758,19.0,2.435820930882504,56.23875045776367,18.616870483547093,6.2360910750831104,0.42105263157894735,0.0,4,18.385147094726562,Unstable trajectory,59.0,59.0,3.8041725158691406,3.8041725158691406
45,152,20,105.0798568725586,62.45363235473633,-0.08618665364778365,-1.9340061646655098,1.9340061646655098,49.2343864440918,19.0,2.591283497057463,49.57424545288086,13.170649621073167,7.007023733084932,0.21052631578947367,0.15789473684210525,3,13.577922821044922,Unstable trajectory,114.0,114.0,-51.54636764526367,51.54636764526367
60,147,20,119.54199981689453,111.18151092529297,-0.06681627875196837,0.0236665195092235,-0.0236665195092235,0.240631103515625,19.0,0.012664794921875,14.789535522460938,4.1228987418459235,4.120639582961707,0.3157894736842105,0.10526315789473684,2,12.342247009277344,Unstable trajectory,100.0,100.0,11.181510925292969,11.181510925292969
63,155,20,105.957275390625,73.18814086914062,-0.24120830121485504,0.7246876938898704,-0.7246876938898704,9.075942993164062,19.0,0.4776812101665296,40.47083282470703,13.275851211044312,12.601041541994805,0.3157894736842105,0.10526315789473684,4,14.859458923339844,Unstable trajectory,72.0,72.0,1.188140869140625,1.188140869140625
69,54,20,117.83575439453125,107.22187805175781,0.39739868559563774,-0.7581122376864987,0.7581122376864987,12.045654296875,19.0,0.6339818050986842,38.23652648925781,7.389324399270006,5.957533390063658,0.2631578947368421,0.42105263157894735,3,26.972991943359375,Unstable trajectory,121.0,121.0,-13.778121948242188,13.778121948242188
70,152,20,113.23299407958984,104.86707305908203,-0.1295458420477966,-0.42739873326810646,0.42739873326810646,8.0430908203125,19.0,0.4233205694901316,25.26909637451172,7.500358636560266,7.083898143688357,0.21052631578947367,0.3157894736842105,2,18.635643005371094,Unstable trajectory,94.0,94.0,10.867073059082031,10.867073059082031
75,88,20,122.0738525390625,111.08346557617188,-0.06953524827730494,-0.6753002195429986,0.6753002195429986,12.378433227539062,19.0,0.6514964856599507,32.14837646484375,8.222444225573414,7.241931972274233,0.3684210526315789,0.05263157894736842,3,19.952682495117188,Unstable trajectory,113.0,113.0,-1.916534423828125,1.916534423828125
77,162,20,122.2628173828125,22.139747619628906,-0.5340105604898541,-2.864669926005202,2.864669926005202,60.79936981201172,19.0,3.199966832211143,75.23448181152344,19.533097625671072,10.425032590074835,0.21052631578947367,0.10526315789473684,2,37.54998016357422,Unstable trajectory,34.0,34.0,-11.860252380371094,11.860252380371094
79,101,20,122.59517669677734,59.26718521118164,-0.3824852343444297,-1.9319300400583386,1.9319300400583386,49.11994552612305,19.0,2.5852602908485816,49.11994552612305,14.207871244711308,8.818324413228453,0.3157894736842105,0.05263157894736842,6,18.4300537109375,Unstable trajectory,63.0,63.0,-3.7328147888183594,3.7328147888183594
80,133,20,117.78399658203125,94.31236267089844,-0.12107733058498463,-0.0649963665725583,0.0649963665725583,2.4510955810546875,19.0,0.12900503058182566,25.9482421875,6.3963304807428605,6.385340873746,0.3684210526315789,0.05263157894736842,4,18.775527954101562,Unstable trajectory,90.0,90.0,4.3123626708984375,4.3123626708984375
85,34,20,125.0,114.26608276367188,0.5644182238713555,3.0475380115939257,-3.0475380115939257,-42.81690979003906,19.0,-2.253521567896793,47.38629150390625,19.199515465593127,7.733849001040601,0.5263157894736842,0.3157894736842105,2,13.108848571777344,Unstable trajectory,118.0,118.0,-3.733917236328125,3.733917236328125
98,121,20,123.47584533691406,62.906402587890625,-0.3191401047881683,-1.9619527372202485,1.9619527372202485,40.55152893066406,19.0,2.13429099635074,50.3077507019043,16.37055371554459,11.832463073930153,0.21052631578947367,0.15789473684210525,6,19.415679931640625,Unstable trajectory,59.0,59.0,3.906402587890625,3.906402587890625
94,133,20,116.71951293945312,67.42640686035156,-0.4502240887889415,-0.014204005191200643,0.014204005191200643,-0.9179916381835938,19.0,-0.048315349378083884,10.844348907470703,2.8977156847964185,2.896557936116546,0.42105263157894735,0.05263157894736842,0,9.590934753417969,Weak degradation / plateau,55.0,55.0,12.426406860351562,12.426406860351562
