unit,actual_rul,predicted_rul_mean,predicted_rul_median,mc_standard_deviation,raw_percentile_05,raw_percentile_95,calibrated_lower_bound,calibrated_upper_bound,interval_width,prediction_error,absolute_error,confidence,health_status,recommendation,actual_inside_interval,ridge_prediction,final_predicted_rul,recent_slope,recent_predicted_drop,recent_decline_ratio,recent_prediction_range,recent_prediction_std,recent_residual_std,monotonicity_violation_rate,large_jump_count,largest_single_cycle_jump,trajectory_flag,model_disagreement,disagreement_level,mc_deterministic_gap,mc_gap_level,conservative_rul,engine_condition,prediction_trust,trajectory_trust,condition_severity_score,reliability_risk_score,reliability_risk,review_flag,operational_priority_score,operational_priority,operational_action,condition_priority,review_priority,operational_priority_order
77,34.0,23.746543884277344,22.95262336730957,6.144603252410889,15.17125415802002,33.82549285888672,13.940442085266112,33.55264663696289,19.612205505371094,-10.253456115722656,10.253456115722656,Medium,Warning,Immediate inspection recommended,False,49.477493,22.139747619628903,-2.864669926005202,60.79936981201172,3.199966832211143,75.23448181152344,19.533097625671072,10.425032590074837,0.2105263157894736,2,37.54998016357422,Unstable trajectory,25.73094911572266,High,1.606796264648441,Low,13.940442085266112,Critical,Low,Low,88.84764633178712,75.53559875488281,High,Required,84.85403205871582,Immediate,Manual engineering review is required before the predicted RUL is used for an operational or maintenance decision. Inspect immediately and restrict continued operation until the physical engine condition is verified. The predicted RUL contains large jumps or excessive oscillations and should not be used without review.,1,1,1
56,15.0,14.938157081604004,13.706296920776367,7.908380031585693,5.899200439453125,30.30414581298828,2.711237907409668,27.165077209472656,24.453838348388672,-0.061842918395996,0.061842918395996,Medium,Critical,Immediate inspection recommended,True,36.253708,18.5566520690918,-0.6894061296506038,12.269941329956056,0.6457863857871607,12.804309844970703,4.171173717403848,1.263171878671492,0.1578947368421052,0,3.5307159423828125,Consistent degradation,21.315550918396,High,3.6184949874877965,Low,2.711237907409668,Critical,Low,High,97.83100967407226,42.87635437647502,Medium,Required,81.34461308479308,Immediate,Manual engineering review is required before the predicted RUL is used for an operational or maintenance decision. Inspect immediately and restrict continued operation until the physical engine condition is verified. The recent RUL trajectory shows a broadly consistent degradation pattern.,1,1,1
91,38.0,25.529003143310547,24.59692001342773,7.821691036224365,14.886222839355469,37.5151481628418,13.421066284179688,37.636940002441406,24.21587371826172,-12.470996856689451,12.470996856689451,Medium,Warning,Immediate inspection recommended,False,52.089314,27.78470993041992,-1.0940663703402127,15.933555603027344,0.8386081896330181,19.032962799072266,6.651816640020158,2.108800359768764,0.1578947368421052,0,4.359828948974609,Consistent degradation,26.560310856689455,High,2.2557067871093714,Low,13.421066284179688,Critical,Low,High,89.26314697265624,42.332854906717934,Medium,Required,75.18405935287474,Immediate,Manual engineering review is required before the predicted RUL is used for an operational or maintenance decision. Inspect immediately and restrict continued operation until the physical engine condition is verified. The recent RUL trajectory shows a broadly consistent degradation pattern.,1,1,1
42,10.0,11.815329551696776,11.058300018310549,4.19409704208374,6.937854290008545,20.453481674194336,4.686333656311035,18.944324493408203,14.257990837097168,1.8153295516967771,1.8153295516967771,High,Critical,Immediate inspection recommended,True,0.0,9.888833999633787,-1.2682413595959634,23.110960006713867,1.216366316142835,23.110960006713867,7.420572277815763,1.2587259707641716,0.0,0,3.394655227661133,Consistent degradation,11.815329551696776,Medium,1.9264955520629883,Low,0.0,Critical,Medium,High,100.0,20.642165184020996,Low,Recommended,76.1926495552063,Immediate,Engineering review is recommended before making a high-consequence decision. Inspect immediately and restrict continued operation until the physical engine condition is verified. The recent RUL trajectory shows a broadly consistent degradation pattern.,1,2,1
76,10.0,10.2434720993042,9.69295883178711,4.302578449249268,4.843935966491699,19.003498077392575,2.9655838012695312,17.521360397338867,14.555776596069336,0.2434720993041992,0.2434720993041992,High,Critical,Immediate inspection recommended,True,0.0,9.06316089630127,-0.9144751125708548,18.468974113464355,0.972051269129703,18.468974113464355,5.337366248573073,0.8256368140110387,0.0,0,2.363801956176758,Consistent degradation,10.2434720993042,Medium,1.1803112030029297,Low,0.0,Critical,Medium,High,100.0,20.393437067667644,Low,Recommended,76.11803112030029,Immediate,Engineering review is recommended before making a high-consequence decision. Inspect immediately and restrict continued operation until the physical engine condition is verified. The recent RUL trajectory shows a broadly consistent degradation pattern.,1,2,1
82,9.0,10.554387092590332,10.058639526367188,3.656017303466797,5.722144603729248,17.853897094726562,4.163916110992432,16.94485855102539,12.780942916870115,1.554387092590332,1.554387092590332,High,Critical,Immediate inspection recommended,True,0.0,9.590707778930664,-1.0133722893277517,19.919944763183597,1.0484181454307155,19.919944763183597,5.921940904465274,0.961343400212208,0.0526315789473684,0,2.8365631103515625,Consistent degradation,10.554387092590332,Medium,0.963679313659668,Low,0.0,Critical,Medium,High,100.0,20.321226437886555,Low,Recommended,76.09636793136596,Immediate,Engineering review is recommended before making a high-consequence decision. Inspect immediately and restrict continued operation until the physical engine condition is verified. The recent RUL trajectory shows a broadly consistent degradation pattern.,1,2,1
31,8.0,10.963146209716797,10.179893493652344,5.578018665313721,4.038243293762207,21.62645530700684,1.9346923828125,19.991600036621094,18.056907653808597,2.963146209716797,2.963146209716797,Medium,Critical,Immediate inspection recommended,True,0.0,10.016475677490234,-0.5127864249666831,16.07070541381836,0.8458266007272821,16.07070541381836,3.765227913153825,2.331063378973531,0.1052631578947368,0,3.321761131286621,Consistent degradation,10.963146209716797,Medium,0.9466705322265625,Low,0.0,Critical,Medium,High,100.0,20.31555684407552,Low,Recommended,76.09466705322265,Immediate,Engineering review is recommended before making a high-consequence decision. Inspect immediately and restrict continued operation until the physical engine condition is verified. The recent RUL trajectory shows a broadly consistent degradation pattern.,1,2,1
24,20.0,22.834665298461918,23.11785888671875,6.048800468444824,12.728530883789062,32.19248580932617,13.160054206848145,32.50927734375,19.34922409057617,2.834665298461914,2.834665298461914,Medium,Warning,Immediate inspection recommended,True,33.954086,24.347787857055664,-1.4672856882998813,30.48243522644043,1.6043386961284436,30.48243522644043,8.811577593366353,2.4615172668874075,0.0526315789473684,0,5.926856994628906,Rapid degradation signal,11.119420701538079,Medium,1.5131225585937464,Low,13.160054206848145,Critical,Medium,Medium,89.47195663452149,37.004374186197914,Medium,Recommended,73.73168190002441,Immediate,Engineering review is recommended before making a high-consequence decision. Inspect immediately and restrict continued operation until the physical engine condition is verified. The predicted RUL is declining rapidly and should be checked against recent sensor trends.,1,2,1
92,20.0,19.660903930664062,18.77548599243164,7.717895030975342,9.07859230041504,30.830591201782227,7.695428848266602,31.626379013061523,23.93095016479492,-0.3390960693359375,0.3390960693359375,Medium,Critical,Immediate inspection recommended,True,36.546227,21.210155487060547,-0.9801847701682176,26.45682144165039,1.3924642864026522,26.45682144165039,6.7654539563524345,3.718336271574496,0.2631578947368421,0,6.866436004638672,Consistent degradation,16.88532306933594,Medium,1.5492515563964844,Low,7.695428848266602,Critical,Medium,High,93.84365692138672,21.99052349726359,Low,Recommended,72.28771689414978,Immediate,Engineering review is recommended before making a high-consequence decision. Inspect immediately and restrict continued operation until the physical engine condition is verified. The recent RUL trajectory shows a broadly consistent degradation pattern.,1,2,1
20,16.0,18.57808303833008,18.19236946105957,4.494678974151611,9.885727882385254,26.476192474365234,11.03653335571289,26.119632720947266,15.083099365234377,2.578083038330078,2.578083038330078,High,Critical,Immediate inspection recommended,True,8.115906,17.964183807373047,-0.7080707965936887,15.631786346435549,0.8227255971808183,17.039539337158203,4.672208473578748,2.271380771403774,0.1578947368421052,0,3.476316452026367,Consistent degradation,10.462177038330081,Medium,0.6138992309570348,Low,8.115906,Critical,Medium,High,93.5072752,20.20463307698568,Low,Recommended,71.51648256309569,Immediate,Engineering review is recommended before making a high-consequence decision. Inspect immediately and restrict continued operation until the physical engine condition is verified. The recent RUL trajectory shows a broadly consistent degradation pattern.,1,2,1
66,14.0,22.237403869628903,21.76313018798828,6.664867401123047,12.0776948928833,34.63160705566406,11.717229843139648,32.75757598876953,21.040346145629883,8.237403869628906,8.237403869628906,Medium,Warning,Immediate inspection recommended,True,36.92356,23.683673858642575,-0.3218673863805326,7.554176330566406,0.3975882279245477,7.554176330566406,2.0932302585077056,0.967966417712422,0.1052631578947368,0,2.5488243103027344,Consistent degradation,14.6861561303711,Medium,1.4462699890136719,Low,11.717229843139648,Critical,Medium,High,90.62621612548828,20.872219800949097,Low,Recommended,69.70001722812653,Immediate,Engineering review is recommended before making a high-consequence decision. Inspect immediately and restrict continued operation until the physical engine condition is verified. The recent RUL trajectory shows a broadly consistent degradation pattern.,1,2,1
100,20.0,22.51368904113769,21.664051055908203,6.555214881896973,13.735363960266112,33.37657165527344,12.144014358520508,32.88336181640625,20.739347457885746,2.5136890411376958,2.5136890411376958,Medium,Warning,Immediate inspection recommended,True,16.50962,23.27684783935547,-1.698480137129475,30.240062713623047,1.5915822480854236,30.240062713623047,10.13919120880078,2.6234408815897154,0.0526315789473684,0,8.475227355957031,Rapid degradation signal,6.00406904113769,Low,0.763158798217777,Low,12.144014358520508,Critical,High,Medium,90.28478851318359,17.031641562779747,Low,Recommended,68.30884442806243,Immediate,Engineering review is recommended before making a high-consequence decision. Inspect immediately and restrict continued operation until the physical engine condition is verified. The predicted RUL is declining rapidly and should be checked against recent sensor trends.,1,2,1
61,21.0,20.46000862121582,19.776050567626957,4.623403072357178,14.383703231811523,30.359962463378903,12.741782188415527,28.1782341003418,15.43645191192627,-0.5399913787841797,0.5399913787841797,High,Warning,Immediate inspection recommended,True,18.446014,18.30034446716309,-1.8851861810325703,33.08714866638184,1.741428877177991,33.12588691711426,11.1033209473148,2.26178367635752,0.1052631578947368,0,8.293262481689453,Rapid degradation signal,2.0139946212158186,Low,2.159664154052731,Low,12.741782188415527,Critical,High,Medium,89.80657424926758,17.21988805135091,Low,Recommended,68.03056838989258,Immediate,Engineering review is recommended before making a high-consequence decision. Inspect immediately and restrict continued operation until the physical engine condition is verified. The predicted RUL is declining rapidly and should be checked against recent sensor trends.,1,2,1
64,28.0,23.09930229187012,22.384567260742188,5.476573944091797,15.65435028076172,33.019134521484375,14.2100830078125,31.98852157592773,17.778438568115234,-4.900697708129883,4.900697708129883,Medium,Warning,Immediate inspection recommended,True,29.152527,21.13848114013672,-1.939564532803415,33.55631637573242,1.7661219145122329,40.75174331665039,12.496750969750272,5.575415510769818,0.1578947368421052,0,9.733203887939451,Rapid degradation signal,6.0532247081298785,Low,1.960821151733402,Low,14.2100830078125,Critical,High,Medium,88.63193359375,17.1536070505778,Low,Recommended,67.18843563079834,Immediate,Engineering review is recommended before making a high-consequence decision. Inspect immediately and restrict continued operation until the physical engine condition is verified. The predicted RUL is declining rapidly and should be checked against recent sensor trends.,1,2,1
40,28.0,28.903949737548828,28.307880401611328,6.2409257888793945,19.09607696533203,39.71747970581055,18.96564292907715,38.84225463867188,19.876611709594727,0.903949737548828,0.903949737548828,Medium,Warning,Immediate inspection recommended,True,46.584625,30.351791381835938,-1.2257641684740097,20.903358459472656,1.1001767610248767,23.25922393798828,7.604676923314255,2.80589724815821,0.1578947368421052,0,5.0184326171875,Consistent degradation,17.680675262451174,Medium,1.4478416442871094,Low,18.96564292907715,Critical,Medium,High,84.82748565673828,20.482613881429035,Low,Recommended,65.5240241241455,Immediate,Engineering review is recommended before making a high-consequence decision. Inspect immediately and restrict continued operation until the physical engine condition is verified. The recent RUL trajectory shows a broadly consistent degradation pattern.,1,2,1
68,8.0,9.933022499084473,9.083866119384766,4.782299518585205,4.451519966125488,17.271711349487305,1.9967079162597656,17.86933708190918,15.872629165649414,1.9330224990844729,1.9330224990844729,High,Critical,Immediate inspection recommended,True,0.0,8.368096351623535,-1.0576442869086002,18.175585746765137,0.9566097761455336,18.389302253723145,6.216133969226275,1.202701634719881,0.0526315789473684,0,3.608070373535156,Consistent degradation,9.933022499084473,Low,1.5649261474609375,Low,0.0,Critical,High,High,100.0,0.5216420491536459,Low,Not required,70.1564926147461,Immediate,Inspect immediately and restrict continued operation until the physical engine condition is verified. The recent RUL trajectory shows a broadly consistent degradation pattern.,1,3,1
34,7.0,8.733978271484375,8.169742584228516,3.750410318374634,4.344315528869629,15.232162475585938,2.213951110839844,15.254005432128906,13.040054321289062,1.733978271484375,1.733978271484375,High,Critical,Immediate inspection recommended,True,0.0,7.506158351898193,-0.7458840739458126,19.51532220840454,1.0271222214949758,19.51532220840454,4.652547465084145,1.7742016355649424,0.0,0,2.925010681152344,Consistent degradation,8.733978271484375,Low,1.2278199195861816,Low,0.0,Critical,High,High,100.0,0.4092733065287272,Low,Not required,70.12278199195862,Immediate,Inspect immediately and restrict continued operation until the physical engine condition is verified. The recent RUL trajectory shows a broadly consistent degradation pattern.,1,3,1
81,8.0,9.56846523284912,8.295677185058594,4.989109039306641,3.78569221496582,21.3541202545166,1.3483009338378906,17.78862953186035,16.44032859802246,1.568465232849121,1.568465232849121,High,Critical,Immediate inspection recommended,True,0.0,9.79885482788086,-0.681137402613361,15.724281311035156,0.8275937532123766,15.724281311035156,4.055415391341748,1.010008730229079,0.0526315789473684,0,4.443356513977051,Consistent degradation,9.56846523284912,Low,0.23038959503174006,Low,0.0,Critical,High,High,100.0,0.07679653167724669,Low,Not required,70.02303895950317,Immediate,Inspect immediately and restrict continued operation until the physical engine condition is verified. The recent RUL trajectory shows a broadly consistent degradation pattern.,1,3,1
35,11.0,13.591411590576172,12.88833999633789,6.376078605651856,4.524924755096436,24.48904800415039,3.4676055908203125,23.71521759033203,20.24761199951172,2.591411590576172,2.591411590576172,Medium,Critical,Immediate inspection recommended,True,21.485443,14.102489471435549,-0.4890211707667301,11.993534088134766,0.6312386362176192,13.524040222167969,3.145681951891429,1.3942213726574657,0.1052631578947368,0,5.988861083984375,Consistent degradation,7.894031409423828,Low,0.5110778808593768,Low,3.4676055908203125,Critical,High,High,97.22591552734376,0.2632137934366868,Low,Not required,68.13710500717164,Immediate,Inspect immediately and restrict continued operation until the physical engine condition is verified. The recent RUL trajectory shows a broadly consistent degradation pattern.,1,3,1
49,21.0,15.826164245605469,14.742767333984377,6.651127815246582,7.742738723754883,26.508373260498047,5.324847221374512,26.32748031616211,21.00263214111328,-5.173835754394531,5.173835754394531,Medium,Critical,Immediate inspection recommended,True,25.39589,16.390439987182617,-0.8659687529829173,14.02373504638672,0.7380913182308799,17.12026023864746,5.211190058890922,1.490726092173079,0.1052631578947368,0,3.690340042114258,Consistent degradation,9.569725754394533,Low,0.5642757415771484,Low,5.324847221374512,Critical,High,High,95.7401222229004,0.5640789667765299,Low,Not required,67.18730924606324,Immediate,Inspect immediately and restrict continued operation until the physical engine condition is verified. The recent RUL trajectory shows a broadly consistent degradation pattern.,1,3,1
90,28.0,27.57733154296875,25.71227264404297,8.421329498291016,17.7027645111084,43.42787170410156,14.646379470825195,40.50828552246094,25.861906051635746,-0.42266845703125,0.42266845703125,Medium,Warning,Immediate inspection recommended,True,29.973587,24.47712135314941,-0.5849206178708188,16.80694007873535,0.88457579361765,16.80694007873535,4.41068196288835,2.8422213287327738,0.1578947368421052,0,6.877586364746094,Consistent degradation,2.3962554570312484,Low,3.1002101898193395,Low,14.646379470825195,Critical,Medium,High,88.28289642333984,15.731618165969852,Low,Not required,66.51751294612883,Immediate,Inspect immediately and restrict continued operation until the physical engine condition is verified. The recent RUL trajectory shows a broadly consistent degradation pattern.,1,3,1
36,19.0,23.780916213989254,23.141225814819336,7.333920478820801,14.58930778503418,35.115081787109375,12.342453956604004,35.21937942504883,22.87692642211914,4.780916213989258,4.780916213989258,Medium,Warning,Immediate inspection recommended,True,26.226837,24.961917877197266,-0.8064581706111599,19.33712387084961,1.0177433616236635,19.33712387084961,5.02727730256229,1.91011926601984,0.1052631578947368,0,5.165351867675781,Consistent degradation,2.4459207860107455,Low,1.1810016632080114,Low,12.342453956604004,Critical,High,High,90.1260368347168,1.4725146293640146,Low,Not required,63.52998017311096,Immediate,Inspect immediately and restrict continued operation until the physical engine condition is verified. The recent RUL trajectory shows a broadly consistent degradation pattern.,1,3,1
3,69.0,44.67302703857422,43.792423248291016,11.120516777038574,30.42106437683105,61.6101188659668,28.037389755249023,61.30866241455078,33.271270751953125,-24.32697296142578,24.32697296142578,Low,Warning,Plan maintenance soon,False,67.60764,42.99367141723633,-2.6075356705744577,46.16775131225586,2.4298816480134664,57.83434677124024,17.074238787016878,8.090415599228752,0.2631578947368421,3,11.822036743164062,Unstable trajectory,22.934612961425785,High,1.6793556213378906,Low,28.037389755249023,Warning,Low,Low,77.57008819580078,80.53651173909505,High,Required,78.46001525878906,High,Manual engineering review is required before the predicted RUL is used for an operational or maintenance decision. Increase inspection frequency and prepare an early maintenance intervention. The predicted RUL contains large jumps or excessive oscillations and should not be used without review.,2,1,2
93,85.0,43.259521484375,42.143096923828125,10.597509384155272,27.288387298583984,62.29775619506836,27.34172248840332,59.17732238769531,31.835599899291992,-41.740478515625,41.740478515625,Low,Warning,Plan maintenance soon,False,64.06754,43.3449821472168,-0.510376128576751,12.173912048339844,0.6407322130705181,14.964698791503906,4.220685395530055,3.02540891507126,0.3157894736842105,0,6.7092132568359375,Consistent degradation,20.808018515624994,High,0.08546066284179688,Low,27.34172248840332,Warning,Low,High,78.12662200927734,44.46683684984843,Medium,Required,68.02868646144866,High,Manual engineering review is required before the predicted RUL is used for an operational or maintenance decision. Increase inspection frequency and prepare an early maintenance intervention. The recent RUL trajectory shows a broadly consistent degradation pattern.,2,1,2
98,59.0,68.70337677001953,67.93240356445312,17.100482940673828,44.16569519042969,105.96997833251952,43.86012268066406,93.546630859375,49.68650817871094,9.703376770019531,9.703376770019531,Low,Monitor,Manual review required,True,77.70619,62.90640258789063,-1.9619527372202483,40.55152893066406,2.13429099635074,50.3077507019043,16.37055371554459,11.832463073930152,0.2105263157894736,6,19.415679931640625,Unstable trajectory,9.002813229980475,Low,5.796974182128899,Low,43.86012268066406,Warning,Low,Low,64.91190185546876,73.0647652943929,High,Required,67.35776088714599,High,Manual engineering review is required before the predicted RUL is used for an operational or maintenance decision. Increase inspection frequency and prepare an early maintenance intervention. The predicted RUL contains large jumps or excessive oscillations and should not be used without review.,2,1,2
43,59.0,66.17779541015625,67.55357360839844,14.996514320373535,41.51874542236328,88.59400177001953,44.2222785949707,88.13331604003906,43.91103744506836,7.17779541015625,7.17779541015625,Low,Monitor,Manual review required,True,77.23249,62.80417251586914,-3.042056262941285,46.28059768676758,2.435820930882504,56.23875045776367,18.616870483547093,6.2360910750831104,0.4210526315789473,4,18.38514709472656,Unstable trajectory,11.054694589843749,Medium,3.3736228942871094,Low,44.2222785949707,Warning,Medium,Low,64.62217712402344,65.091180006663,High,Required,64.7628779888153,High,Manual engineering review is required before the predicted RUL is used for an operational or maintenance decision. Increase inspection frequency and prepare an early maintenance intervention. The predicted RUL contains large jumps or excessive oscillations and should not be used without review.,2,1,2
45,114.0,64.61746978759766,64.0001449584961,13.475433349609377,45.66762161254883,88.58799743652344,44.74966430664063,84.48527526855469,39.73561096191406,-49.38253021240234,49.38253021240234,Low,Monitor,Manual review required,False,73.08087,62.45363235473633,-1.9340061646655096,49.2343864440918,2.591283497057463,49.57424545288086,13.170649621073167,7.007023733084932,0.2105263157894736,3,13.577922821044922,Unstable trajectory,8.463400212402348,Low,2.163837432861328,Low,44.74966430664063,Warning,Medium,Low,64.2002685546875,55.62213325500488,Medium,Required,61.626827964782706,High,Manual engineering review is required before the predicted RUL is used for an operational or maintenance decision. Increase inspection frequency and prepare an early maintenance intervention. The predicted RUL contains large jumps or excessive oscillations and should not be used without review.,2,1,2
58,37.0,39.8781623840332,39.55901336669922,9.411840438842772,24.20833396911621,55.16049957275391,25.58771514892578,54.16860961914063,28.580894470214844,2.878162384033203,2.878162384033203,Medium,Warning,Plan maintenance soon,True,57.54653,38.45198059082031,-0.1663501223227122,2.5277671813964844,0.133040377968236,14.519371032714844,3.81092476232497,3.68823012674218,0.2631578947368421,0,8.490089416503906,Mixed trajectory,17.668367615966794,Medium,1.4261817932128906,Low,25.58771514892578,Warning,Medium,Medium,79.52982788085937,41.19322935740153,Medium,Recommended,68.02884832382202,High,Engineering review is recommended before making a high-consequence decision. Increase inspection frequency and prepare an early maintenance intervention. The temporal prediction pattern is mixed and does not provide a stable degradation trend.,2,2,2
84,58.0,65.79792785644531,65.48223876953125,15.420119285583496,42.14402389526367,93.80519104003906,43.26100540161133,88.33485412597656,45.073848724365234,7.797927856445312,7.797927856445312,Low,Monitor,Manual review required,True,76.95627,66.97105407714844,-0.0558799801016205,2.1221847534179688,0.1116939343904194,23.44200134277344,5.23561737849173,5.22569266309332,0.4736842105263157,1,14.970954895019531,Mixed trajectory,11.158342143554691,Medium,1.173126220703125,Low,43.26100540161133,Warning,Low,Medium,65.39119567871094,59.793735345204674,Medium,Recommended,63.71195757865906,High,Engineering review is recommended before making a high-consequence decision. Increase inspection frequency and prepare an early maintenance intervention. The temporal prediction pattern is mixed and does not provide a stable degradation trend.,2,2,2
18,28.0,33.612606048583984,33.12892150878906,7.143327713012695,22.74934959411621,44.5897331237793,22.43573570251465,44.78947448730469,22.35373878479004,5.612606048583984,5.612606048583984,Medium,Warning,Plan maintenance soon,True,38.98146,30.684062957763672,-2.5356657472768216,42.77267837524414,2.25119359869706,43.80231857299805,15.31534701126996,4.558028968426034,0.1578947368421052,1,11.279651641845703,Rapid degradation signal,5.368853951416014,Low,2.9285430908203125,Low,22.43573570251465,Warning,High,Medium,82.05141143798829,18.358833074569702,Low,Recommended,62.94363792896271,High,Engineering review is recommended before making a high-consequence decision. Increase inspection frequency and prepare an early maintenance intervention. The predicted RUL is declining rapidly and should be checked against recent sensor trends.,2,2,2
46,47.0,37.44493103027344,37.045448303222656,7.337220668792725,25.86103057861328,47.8699951171875,26.001937866210938,48.88792419433594,22.885986328125,-9.555068969726562,9.555068969726562,Medium,Warning,Plan maintenance soon,True,54.37339,34.80038070678711,-0.8528988228704695,24.029029846191406,1.264685781378495,24.029029846191406,5.93859100600011,3.3286037265279065,0.2631578947368421,0,9.33083724975586,Consistent degradation,16.928458969726563,Medium,2.644550323486328,Low,26.001937866210938,Warning,Medium,High,79.19844970703124,21.963761647542317,Low,Recommended,62.028043289184566,High,Engineering review is recommended before making a high-consequence decision. Increase inspection frequency and prepare an early maintenance intervention. The recent RUL trajectory shows a broadly consistent degradation pattern.,2,2,2
38,50.0,52.46101379394531,50.81645584106445,13.41207790374756,33.708553314208984,75.93013000488281,32.68016815185547,72.24185943603516,39.56169128417969,2.4610137939453125,2.4610137939453125,Low,Monitor,Manual review required,True,65.538124,51.63373565673828,-1.064765738006816,16.512901306152344,0.8691000687448602,32.13124084472656,8.513820172194622,5.898198188410069,0.2631578947368421,0,5.660430908203125,Consistent degradation,13.077110206054684,Medium,0.8272781372070312,Low,32.68016815185547,Warning,Medium,High,73.85586547851562,27.611393610636394,Low,Recommended,59.98252391815185,High,Engineering review is recommended before making a high-consequence decision. Increase inspection frequency and prepare an early maintenance intervention. The recent RUL trajectory shows a broadly consistent degradation pattern.,2,2,2
94,55.0,68.85102844238281,67.22618103027344,14.309904098510742,46.3475456237793,94.30744934082033,47.83789825439453,89.8641586303711,42.02626037597656,13.851028442382812,13.851028442382812,Low,Monitor,Manual review required,True,72.33947,67.42640686035156,-0.0142040051912006,-0.9179916381835938,-0.0483153493780838,10.844348907470703,2.8977156847964185,2.896557936116546,0.4210526315789473,0,9.590934753417969,Weak degradation / plateau,3.488441557617193,Low,1.42462158203125,Low,47.83789825439453,Warning,Medium,Low,61.72968139648438,52.2347215016683,Medium,Recommended,58.88119342803955,High,Engineering review is recommended before making a high-consequence decision. Increase inspection frequency and prepare an early maintenance intervention. The predicted RUL shows weak degradation despite continued engine ageing.,2,2,2
32,48.0,60.984161376953125,60.3393440246582,9.237882614135742,45.2375602722168,77.57405853271484,46.93247604370117,75.03585052490234,28.10337448120117,12.984161376953123,12.984161376953123,Medium,Monitor,Increase monitoring frequency,True,58.518112,59.36897659301758,-1.6622214267128397,35.42948532104492,1.8647097537392063,36.31637191772461,10.921473247338469,5.235407387921812,0.1052631578947368,1,13.579917907714844,Rapid degradation signal,2.466049376953123,Low,1.6151847839355469,Low,46.93247604370117,Warning,Medium,Medium,62.454019165039064,32.577160358428955,Medium,Recommended,53.49096152305603,High,Engineering review is recommended before making a high-consequence decision. Increase inspection frequency and prepare an early maintenance intervention. The predicted RUL is declining rapidly and should be checked against recent sensor trends.,2,2,2
72,50.0,60.87736892700195,59.84217071533203,10.274758338928224,46.1422233581543,78.4821548461914,45.40254974365234,76.35218811035156,30.94963836669922,10.877368927001951,10.877368927001951,Low,Monitor,Manual review required,True,76.616394,59.56230545043945,-1.4365834228974552,25.96627426147461,1.3666460137618217,30.30547332763672,8.990472158419408,3.4940195945979475,0.2631578947368421,1,12.46051788330078,Consistent degradation,15.739025072998047,Medium,1.3150634765625,Low,45.40254974365234,Warning,Medium,High,63.67796020507813,24.544468879699707,Low,Recommended,51.9379128074646,High,Engineering review is recommended before making a high-consequence decision. Increase inspection frequency and prepare an early maintenance intervention. The recent RUL trajectory shows a broadly consistent degradation pattern.,2,2,2
52,29.0,40.25337219238281,40.83565521240234,9.954425811767578,24.15969657897949,54.84717559814453,25.21821594238281,55.28852844238281,30.0703125,11.253372192382812,11.253372192382812,Medium,Warning,Plan maintenance soon,True,43.377605,42.79098892211914,-0.9852853072317044,19.087703704833984,1.0046159844649465,19.087703704833984,6.084773613016041,2.1784851682199964,0.1052631578947368,0,5.008022308349609,Consistent degradation,3.12423280761719,Low,2.537616729736328,Low,25.21821594238281,Warning,Medium,High,79.82542724609375,17.12223943074544,Low,Not required,61.014470901489254,High,Increase inspection frequency and prepare an early maintenance intervention. The recent RUL trajectory shows a broadly consistent degradation pattern.,2,3,2
53,26.0,31.330245971679688,31.585134506225582,7.095365047454834,20.24169540405273,42.883785247802734,20.21920394897461,42.441287994384766,22.22208404541016,5.330245971679688,5.330245971679688,Medium,Warning,Plan maintenance soon,True,37.349792,32.74513244628906,-1.4299206382349936,27.772647857666016,1.4617183082982113,27.8485107421875,8.916102820865481,3.3928618023536914,0.1052631578947368,1,10.659320831298828,Consistent degradation,6.019546028320313,Low,1.414886474609375,Low,20.21920394897461,Warning,High,High,83.8246368408203,1.3049103418986017,Low,Not required,59.06871889114379,High,Increase inspection frequency and prepare an early maintenance intervention. The recent RUL trajectory shows a broadly consistent degradation pattern.,2,3,2
41,18.0,30.652271270751957,30.114425659179688,6.054852485656738,20.50881576538086,41.27842712402344,20.96935272216797,40.33518981933594,19.36583709716797,12.652271270751951,12.652271270751951,Medium,Warning,Plan maintenance soon,False,34.51847,29.87518310546875,-1.0900460996125876,23.680797576904297,1.2463577672054893,27.572101593017575,8.256070256571206,5.35303927506228,0.3157894736842105,1,10.41791534423828,Consistent degradation,3.866198729248044,Low,0.7770881652832067,Low,20.96935272216797,Warning,High,High,83.22451782226562,0.2590293884277356,Low,Not required,58.33487129211426,High,Increase inspection frequency and prepare an early maintenance intervention. The recent RUL trajectory shows a broadly consistent degradation pattern.,2,3,2
37,21.0,36.76628494262695,37.65877532958984,6.7829766273498535,25.81717872619629,46.87474822998047,26.084003448486328,47.44856643676758,21.36456298828125,15.766284942626951,15.766284942626951,Medium,Warning,Plan maintenance soon,False,31.299614,35.69366455078125,-1.176855245030911,18.0839958190918,0.9517892536364104,23.799285888671875,7.708415111197139,3.656337460303662,0.3684210526315789,0,7.815288543701172,Consistent degradation,5.466670942626955,Low,1.0726203918457031,Low,26.084003448486328,Warning,High,High,79.13279724121094,0.8692512512207031,Low,Not required,55.65373344421386,High,Increase inspection frequency and prepare an early maintenance intervention. The recent RUL trajectory shows a broadly consistent degradation pattern.,2,3,2
62,54.0,48.10026931762695,48.16590118408203,8.370471954345703,32.8948860168457,59.95466613769531,35.23912048339844,60.96141815185547,25.72229766845703,-5.899730682373047,5.899730682373047,Medium,Warning,Plan maintenance soon,True,45.856037,43.23499298095703,-1.2441348312492604,28.557334899902344,1.5030176263106496,31.203628540039062,7.651901482475268,2.661741843814534,0.2105263157894736,0,6.465476989746094,Consistent degradation,2.2442323176269525,Low,4.865276336669922,Low,35.23912048339844,Warning,Medium,High,71.80870361328124,16.26762040456136,Low,Not required,55.14637865066527,High,Increase inspection frequency and prepare an early maintenance intervention. The recent RUL trajectory shows a broadly consistent degradation pattern.,2,3,2
17,50.0,59.408424377441406,59.94495391845703,10.468957901000977,43.93197250366211,74.88904571533203,43.66706466674805,75.1497802734375,31.482715606689453,9.408424377441406,9.408424377441406,Low,Monitor,Manual review required,True,61.56128,59.24847412109375,-1.669039710482258,26.45989990234375,1.392626310649671,34.33666229248047,11.489790355880364,6.27622272651221,0.2631578947368421,1,13.516956329345703,Consistent degradation,2.15285562255859,Low,0.15995025634765625,Low,43.66706466674805,Warning,Medium,High,65.06634826660157,16.85933510462443,Low,Not required,50.60424431800842,High,Increase inspection frequency and prepare an early maintenance intervention. The recent RUL trajectory shows a broadly consistent degradation pattern.,2,3,2
79,63.0,81.47805786132812,77.07054138183594,21.911800384521484,49.48687362670898,122.57644653320312,50.03118133544922,112.92493438720705,62.89375305175781,18.478057861328125,18.478057861328125,Low,Healthy,Manual review required,True,92.57232,59.26718521118164,-1.9319300400583383,49.11994552612305,2.5852602908485816,49.11994552612305,14.207871244711308,8.818324413228453,0.3157894736842105,6,18.4300537109375,Unstable trajectory,11.09426213867188,Medium,22.210872650146484,High,50.03118133544922,Monitor,Low,Low,59.97505493164063,89.9036242167155,High,Required,68.95362571716309,Elevated,Manual engineering review is required before the predicted RUL is used for an operational or maintenance decision. Use enhanced monitoring and repeat the RUL assessment after additional operating cycles. The predicted RUL contains large jumps or excessive oscillations and should not be used without review.,3,1,3
21,57.0,76.1219253540039,74.78602600097656,14.694270133972168,54.24468994140625,103.47920989990234,54.58124542236328,97.66260528564452,43.08135986328125,19.121925354003903,19.121925354003903,Low,Monitor,Manual review required,True,98.3087,74.05229187011719,-1.3473547799246617,29.31982421875,1.5431486430921053,39.572715759277344,11.170941952416,8.026771522845815,0.4210526315789473,2,12.05608367919922,Unstable trajectory,22.186774645996096,High,2.0696334838867188,Low,54.58124542236328,Monitor,Low,Low,56.33500366210937,84.3453877766927,High,Required,64.73811889648437,Elevated,Manual engineering review is required before the predicted RUL is used for an operational or maintenance decision. Use enhanced monitoring and repeat the RUL assessment after additional operating cycles. The predicted RUL contains large jumps or excessive oscillations and should not be used without review.,3,1,3
63,72.0,72.71502685546875,71.96730041503906,13.181394577026367,53.98143005371094,92.91439819335938,53.25079727172852,92.17926025390624,38.92846298217773,0.71502685546875,0.71502685546875,Low,Monitor,Manual review required,True,91.993515,73.18814086914062,0.7246876938898704,9.075942993164062,0.4776812101665296,40.47083282470703,13.275851211044312,12.601041541994803,0.3157894736842105,4,14.859458923339844,Unstable trajectory,19.278488144531252,Medium,0.473114013671875,Low,53.25079727172852,Monitor,Medium,Low,57.39936218261719,62.25587828954061,High,Required,58.85631701469421,Elevated,Manual engineering review is required before the predicted RUL is used for an operational or maintenance decision. Use enhanced monitoring and repeat the RUL assessment after additional operating cycles. The predicted RUL contains large jumps or excessive oscillations and should not be used without review.,3,1,3
13,95.0,72.56292724609375,71.58280944824219,14.45455551147461,50.33467864990234,99.74527740478516,51.35125732421875,93.77459716796876,42.42333984375,-22.43707275390625,22.43707275390625,Low,Monitor,Manual review required,False,80.364136,69.61408996582031,-0.3153687957534179,21.317771911621094,1.1219879953484786,39.321434020996094,10.163685716255316,9.99967730566466,0.4736842105263157,5,21.456588745117188,Unstable trajectory,7.801208753906252,Low,2.9488372802734375,Low,51.35125732421875,Monitor,Medium,Low,58.918994140625,56.8916982014974,Medium,Required,58.310805358886725,Elevated,Manual engineering review is required before the predicted RUL is used for an operational or maintenance decision. Use enhanced monitoring and repeat the RUL assessment after additional operating cycles. The predicted RUL contains large jumps or excessive oscillations and should not be used without review.,3,1,3
10,96.0,93.7763442993164,93.51407623291016,14.809408187866213,69.03348541259766,119.22308349609376,72.07763671875,115.4750518798828,43.39741516113281,-2.2236557006835938,2.2236557006835938,Low,Healthy,Manual review required,True,93.388306,90.00485229492188,1.5548833689295285,-18.23910522460937,-0.9599529065583882,40.45184326171875,11.713406512137215,7.537680077033331,0.631578947368421,3,11.084831237792969,Unstable trajectory,0.3880382993164062,Low,3.7714920043945312,Low,72.07763671875,Monitor,Medium,Low,42.337890625,57.53119468688965,Medium,Required,55.0,Elevated,Manual engineering review is required before the predicted RUL is used for an operational or maintenance decision. Use enhanced monitoring and repeat the RUL assessment after additional operating cycles. The predicted RUL contains large jumps or excessive oscillations and should not be used without review.,3,1,3
14,107.0,105.4902114868164,108.9317626953125,17.75106430053711,74.30413818359375,125.0,79.7540283203125,125.0,45.2459716796875,-1.5097885131835938,1.5097885131835938,Low,Healthy,Manual review required,True,112.43989,111.80850219726562,-0.0217005794209629,0.6225204467773438,0.0327642340409128,3.3579864501953125,0.813550955732635,0.8038701567597221,0.1052631578947368,0,1.822845458984375,High-RUL plateau — review,6.949678513183599,Low,6.318290710449219,Low,79.7540283203125,Monitor,Low,Low,36.19677734375,71.57333628336588,High,Required,55.0,Elevated,"Manual engineering review is required before the predicted RUL is used for an operational or maintenance decision. Use enhanced monitoring and repeat the RUL assessment after additional operating cycles. The model remains on a high-RUL plateau despite continued ageing, indicating a possible shared model blind spot.",3,1,3
19,87.0,100.3254165649414,102.06037902832033,16.051164627075195,72.48463439941406,124.5486831665039,76.92237091064453,123.72846221923828,46.80609130859375,13.325416564941406,13.325416564941406,Low,Healthy,Manual review required,True,103.67772,98.68255615234376,0.8742387240990669,-11.348281860351562,-0.5972779926500822,34.28620910644531,9.928246409783272,8.553205422245036,0.5263157894736842,0,8.572395324707031,High-RUL plateau — review,3.3523034350585874,Low,1.642860412597642,Low,76.92237091064453,Monitor,Low,Low,38.462103271484374,70.5999043782552,High,Required,55.0,Elevated,"Manual engineering review is required before the predicted RUL is used for an operational or maintenance decision. Use enhanced monitoring and repeat the RUL assessment after additional operating cycles. The model remains on a high-RUL plateau despite continued ageing, indicating a possible shared model blind spot.",3,1,3
30,115.0,96.1337432861328,96.78938293457033,17.751689910888672,66.7551498413086,124.60652923583984,70.39669799804688,121.87078857421876,51.47409057617188,-18.866256713867188,18.866256713867188,Low,Healthy,Manual review required,True,96.81391,101.93264770507812,1.715359709316627,-30.75446319580078,-1.6186559576737254,37.61956787109375,11.57185792971283,6.005925111498305,0.631578947368421,3,11.081565856933594,Unstable trajectory,0.6801667138672087,Low,5.798904418945327,Low,70.39669799804688,Monitor,Low,Low,43.6826416015625,73.73575210571289,High,Required,55.0,Elevated,Manual engineering review is required before the predicted RUL is used for an operational or maintenance decision. Use enhanced monitoring and repeat the RUL assessment after additional operating cycles. The predicted RUL contains large jumps or excessive oscillations and should not be used without review.,3,1,3
57,103.0,104.9174575805664,107.2135009765625,17.5892276763916,75.10122680664062,125.0,79.40339660644531,125.0,45.59660339355469,1.9174575805664065,1.9174575805664065,Low,Healthy,Manual review required,True,99.45689,110.97395324707033,0.3180614270661993,2.0794219970703125,0.1094432630037006,21.22798156738281,6.65929421290031,6.40175970263934,0.3684210526315789,1,13.15363311767578,High-RUL plateau — review,5.460567580566405,Low,6.0564956665039205,Low,79.40339660644531,Monitor,Low,Low,36.47728271484375,71.61755816141765,High,Required,55.0,Elevated,"Manual engineering review is required before the predicted RUL is used for an operational or maintenance decision. Use enhanced monitoring and repeat the RUL assessment after additional operating cycles. The model remains on a high-RUL plateau despite continued ageing, indicating a possible shared model blind spot.",3,1,3
69,121.0,106.24646759033205,109.7784652709961,18.94491577148437,64.9822006225586,125.0,78.87169647216797,125.0,46.12830352783203,-14.753532409667969,14.753532409667969,Low,Healthy,Manual review required,True,113.17466,107.2218780517578,-0.7581122376864987,12.045654296875,0.6339818050986842,38.23652648925781,7.389324399270006,5.957533390063658,0.2631578947368421,3,26.97299194335937,Unstable trajectory,6.9281924096679575,Low,0.9754104614257528,Low,78.87169647216797,Monitor,Low,Low,36.90264282226563,70.12325064341226,High,Required,55.0,Elevated,Manual engineering review is required before the predicted RUL is used for an operational or maintenance decision. Use enhanced monitoring and repeat the RUL assessment after additional operating cycles. The predicted RUL contains large jumps or excessive oscillations and should not be used without review.,3,1,3
70,94.0,103.1984634399414,106.10845184326172,17.495288848876953,71.86809539794922,125.0,77.8133316040039,125.0,47.186668395996094,9.198463439941406,9.198463439941406,Low,Healthy,Manual review required,True,92.9908,104.86707305908205,-0.4273987332681064,8.0430908203125,0.4233205694901316,25.26909637451172,7.500358636560266,7.083898143688357,0.2105263157894736,2,18.635643005371094,Unstable trajectory,10.207663439941413,Medium,1.6686096191406392,Low,77.8133316040039,Monitor,Low,Low,37.74933471679688,78.25120385487875,High,Required,55.0,Elevated,Manual engineering review is required before the predicted RUL is used for an operational or maintenance decision. Use enhanced monitoring and repeat the RUL assessment after additional operating cycles. The predicted RUL contains large jumps or excessive oscillations and should not be used without review.,3,1,3
80,90.0,90.61485290527344,89.82410430908203,15.511921882629396,65.32371520996094,115.24788665771484,67.95193481445312,113.27777099609376,45.32583618164063,0.6148529052734375,0.6148529052734375,Low,Healthy,Manual review required,True,89.299835,94.31236267089844,-0.0649963665725583,2.4510955810546875,0.1290050305818256,25.9482421875,6.3963304807428605,6.385340873746,0.3684210526315789,4,18.77552795410156,Unstable trajectory,1.3150179052734359,Low,3.697509765625,Low,67.95193481445312,Monitor,Low,Low,45.6384521484375,70.72969182332358,High,Required,55.0,Elevated,Manual engineering review is required before the predicted RUL is used for an operational or maintenance decision. Use enhanced monitoring and repeat the RUL assessment after additional operating cycles. The predicted RUL contains large jumps or excessive oscillations and should not be used without review.,3,1,3
11,97.0,77.90478515625,75.39385986328125,17.972225189208984,52.41306686401367,106.7940902709961,51.86505126953125,103.94451904296876,52.0794677734375,-19.09521484375,19.09521484375,Low,Monitor,Manual review required,True,88.22659,83.07420349121094,-0.5319948182070126,8.786628723144531,0.4624541433233964,27.595535278320312,8.399707843583482,7.819509394977235,0.2631578947368421,1,12.184646606445312,Consistent degradation,10.321804843750002,Medium,5.1694183349609375,Low,51.86505126953125,Monitor,Low,High,58.507958984374994,46.25293986002604,Medium,Recommended,54.8314532470703,Elevated,Engineering review is recommended before making a high-consequence decision. Use enhanced monitoring and repeat the RUL assessment after additional operating cycles. The recent RUL trajectory shows a broadly consistent degradation pattern.,3,2,3
27,66.0,78.90569305419922,78.5583267211914,16.722312927246094,53.1773567199707,109.2890167236328,54.581485748291016,103.22990417480467,48.64841842651367,12.90569305419922,12.90569305419922,Low,Monitor,Manual review required,True,93.57467,73.82756042480469,-1.5324837792188606,20.495933532714844,1.078733343827097,44.329925537109375,13.497918461259298,10.203232847761436,0.3157894736842105,1,27.842628479003903,Consistent degradation,14.668976945800779,Medium,5.078132629394531,Low,54.581485748291016,Monitor,Low,High,56.334811401367176,44.93586778640747,Medium,Recommended,52.91512831687926,Elevated,Engineering review is recommended before making a high-consequence decision. Use enhanced monitoring and repeat the RUL assessment after additional operating cycles. The recent RUL trajectory shows a broadly consistent degradation pattern.,3,2,3
4,82.0,82.86186218261719,81.58183288574219,17.670724868774414,55.6795654296875,113.3460922241211,57.235939025878906,108.48778533935548,51.25184631347656,0.8618621826171875,0.8618621826171875,Low,Healthy,Manual review required,True,84.93013,84.32096099853516,-0.4833288895456419,26.350303649902344,1.3868580868369655,29.17977905273437,6.193244920215095,5.530719304702759,0.1578947368421052,1,22.047828674316406,Consistent degradation,2.068267817382818,Low,1.4590988159179688,Low,57.235939025878906,Monitor,Low,High,54.211248779296874,37.20580863952637,Medium,Recommended,49.10961673736572,Elevated,Engineering review is recommended before making a high-consequence decision. Use enhanced monitoring and repeat the RUL assessment after additional operating cycles. The recent RUL trajectory shows a broadly consistent degradation pattern.,3,2,3
97,82.0,85.62064361572266,85.98637390136719,15.580453872680664,61.85092544555664,105.2274932861328,62.8636589050293,108.37762451171876,45.51396560668945,3.620643615722656,3.620643615722656,Low,Healthy,Manual review required,True,98.040405,82.13143157958984,-0.9044799862051373,29.88434600830078,1.5728603162263568,36.458763122558594,7.7669899055337615,5.755418115271528,0.3157894736842105,1,23.285301208496094,Consistent degradation,12.41976138427735,Medium,3.4892120361328125,Low,62.8636589050293,Monitor,Low,High,49.70907287597657,43.23080778121948,Medium,Recommended,47.76559334754944,Elevated,Engineering review is recommended before making a high-consequence decision. Use enhanced monitoring and repeat the RUL assessment after additional operating cycles. The recent RUL trajectory shows a broadly consistent degradation pattern.,3,2,3
29,90.0,98.36717987060548,101.55608367919922,17.468727111816406,68.6015625,125.0,73.01850891113281,123.71585083007812,50.69734191894531,8.367179870605469,8.367179870605469,Low,Healthy,Manual review required,True,97.80436,98.11390686035156,-0.8254956754526757,3.873207092285156,0.2038530048571135,23.027389526367188,6.817804252550133,4.881031797913015,0.4736842105263157,0,7.010765075683594,Mixed trajectory,0.5628198706054803,Low,0.25327301025392046,Low,73.01850891113281,Monitor,Low,Medium,41.585192871093746,54.0959275563558,Medium,Recommended,45.338413276672355,Elevated,Engineering review is recommended before making a high-consequence decision. Use enhanced monitoring and repeat the RUL assessment after additional operating cycles. The temporal prediction pattern is mixed and does not provide a stable degradation trend.,3,2,3
5,91.0,103.55697631835938,106.6329116821289,16.365676879882812,75.57041931152344,125.0,79.72225952148438,125.0,45.277740478515625,12.556976318359377,12.556976318359377,Low,Healthy,Manual review required,True,91.751434,107.89505004882812,-0.5172263181299188,3.823532104492188,0.2012385318153783,16.579116821289062,4.310943666547255,3.11273086093492,0.2105263157894736,0,9.79253387451172,Consistent degradation,11.805542318359372,Medium,4.33807373046875,Low,79.72225952148438,Monitor,Low,High,36.2221923828125,43.425177256266274,Medium,Recommended,38.38308784484863,Elevated,Engineering review is recommended before making a high-consequence decision. Use enhanced monitoring and repeat the RUL assessment after additional operating cycles. The recent RUL trajectory shows a broadly consistent degradation pattern.,3,2,3
95,125.0,102.54582214355467,104.38187408447266,16.97745132446289,72.73943328857422,125.0,77.87142944335938,125.0,47.12857055664063,-22.454177856445312,22.454177856445312,Low,Healthy,Manual review required,True,105.65919,101.51253509521484,-0.8163295659803764,8.416526794433594,0.4429750944438733,21.994613647460938,6.185650696228237,4.013063088961199,0.4210526315789473,0,7.337539672851562,Consistent degradation,3.113367856445322,Low,1.0332870483398295,Low,77.87142944335938,Monitor,Low,High,37.702856445312506,35.51764297485351,Medium,Recommended,37.047292404174804,Elevated,Engineering review is recommended before making a high-consequence decision. Use enhanced monitoring and repeat the RUL assessment after additional operating cycles. The recent RUL trajectory shows a broadly consistent degradation pattern.,3,2,3
48,92.0,105.78683471679688,110.84111785888672,18.203575134277344,66.57115173339844,125.0,79.4295654296875,125.0,45.5704345703125,13.786834716796877,13.786834716796877,Low,Healthy,Manual review required,True,97.93152,111.43997955322266,-0.7330606274138712,9.68474578857422,0.5097234625565378,20.47168731689453,5.753398932939706,3.903048123756588,0.3157894736842105,1,10.881126403808594,Consistent degradation,7.855314716796869,Low,5.653144836425781,Low,79.4295654296875,Monitor,Low,High,36.456347656249996,36.47329457600912,Medium,Recommended,36.46143173217773,Elevated,Engineering review is recommended before making a high-consequence decision. Use enhanced monitoring and repeat the RUL assessment after additional operating cycles. The recent RUL trajectory shows a broadly consistent degradation pattern.,3,2,3
2,98.0,109.9314422607422,111.02482604980467,17.418781280517578,77.07344818115234,125.0,84.65132141113281,125.0,40.34867858886719,11.931442260742188,11.931442260742188,Low,Healthy,Manual review required,True,114.53343,113.80567169189452,0.0629837781863106,-1.3447723388671875,-0.0707774915193256,5.181571960449219,1.1787292981512194,1.1213837259648771,0.1578947368421052,0,3.5456695556640625,High-RUL plateau — review,4.601987739257794,Low,3.8742294311523153,Low,84.65132141113281,Healthy,Low,Low,32.278942871093754,68.92216428120929,High,Required,55.0,Elevated,"Manual engineering review is required before the predicted RUL is used for an operational or maintenance decision. Continue routine condition monitoring. The model remains on a high-RUL plateau despite continued ageing, indicating a possible shared model blind spot.",4,1,3
7,91.0,103.78477478027344,106.52891540527344,16.287874221801758,78.80949401855469,125.0,80.05683898925781,125.0,44.94316101074219,12.784774780273438,12.784774780273438,Low,Healthy,Manual review required,True,99.88128,105.65744018554688,0.4664710711715805,8.521942138671875,0.4485232704564145,23.25152587890625,7.04545982631304,6.511794050890448,0.3157894736842105,0,8.783035278320312,RUL increasing despite ageing,3.9034947802734337,Low,1.8726654052734375,Low,80.05683898925781,Healthy,Low,Low,35.95452880859376,69.97790718078613,High,Required,55.0,Elevated,"Manual engineering review is required before the predicted RUL is used for an operational or maintenance decision. Continue routine condition monitoring. The predicted RUL increases despite additional engine cycles, indicating temporal inconsistency.",4,1,3
8,95.0,105.0449447631836,106.38365173339844,17.234983444213867,70.5842514038086,125.0,80.01708984375,125.0,44.98291015625,10.044944763183594,10.044944763183594,Low,Healthy,Manual review required,True,92.12198,108.9859390258789,-0.0618850077005254,-3.7225418090820312,-0.1959232531095806,7.384857177734375,1.9570484762858824,1.9242399569989348,0.3157894736842105,0,6.88861083984375,High-RUL plateau — review,12.9229647631836,Medium,3.9409942626953125,Low,80.01708984375,Healthy,Low,Low,35.986328125,78.18225606282552,High,Required,55.0,Elevated,"Manual engineering review is required before the predicted RUL is used for an operational or maintenance decision. Continue routine condition monitoring. The model remains on a high-RUL plateau despite continued ageing, indicating a possible shared model blind spot.",4,1,3
9,111.0,112.73968505859376,111.11398315429688,14.313823699951172,92.09044647216795,125.0,91.72117614746094,125.0,33.27882385253906,1.73968505859375,1.73968505859375,Low,Healthy,Manual review required,True,110.62798,113.6546401977539,0.0108425914793102,-1.8314743041992188,-0.0963933844315378,2.4480743408203125,0.68718300927179,0.6843329297313988,0.1052631578947368,0,1.4021682739257812,High-RUL plateau — review,2.1117050585937704,Low,0.914955139160142,Low,91.72117614746094,Healthy,Medium,Low,26.623059082031254,52.78454399108886,Medium,Required,55.0,Elevated,"Manual engineering review is required before the predicted RUL is used for an operational or maintenance decision. Continue routine condition monitoring. The model remains on a high-RUL plateau despite continued ageing, indicating a possible shared model blind spot.",4,1,3
12,124.0,103.79412078857422,106.4608154296875,15.592931747436523,72.78256225585938,125.0,81.02001190185547,125.0,43.97998809814453,-20.20587921142578,20.20587921142578,Low,Healthy,Manual review required,True,98.997604,106.12698364257812,1.40969097739772,-16.804443359375,-0.8844443873355263,35.529808044433594,10.216202011095428,6.188330215866437,0.5263157894736842,0,7.72509765625,High-RUL plateau — review,4.796516788574223,Low,2.3328628540039062,Low,81.02001190185547,Healthy,Low,Low,35.183990478515625,69.77011648813883,High,Required,55.0,Elevated,"Manual engineering review is required before the predicted RUL is used for an operational or maintenance decision. Continue routine condition monitoring. The model remains on a high-RUL plateau despite continued ageing, indicating a possible shared model blind spot.",4,1,3
16,84.0,103.3309097290039,103.16667175292967,14.935527801513672,81.01655578613281,125.0,81.45909881591797,125.0,43.54090118408203,19.330909729003903,19.330909729003903,Low,Healthy,Manual review required,True,106.55716,103.67164611816406,-0.2743799424709223,6.511566162109375,0.3427140085320723,12.763389587402344,3.5096255326906274,3.1327729965806537,0.2105263157894736,0,8.683982849121094,High-RUL plateau — review,3.22625027099609,Low,0.34073638916015625,Low,81.45909881591797,Healthy,Medium,Low,34.83272094726563,56.44141674041748,Medium,Required,55.0,Elevated,"Manual engineering review is required before the predicted RUL is used for an operational or maintenance decision. Continue routine condition monitoring. The model remains on a high-RUL plateau despite continued ageing, indicating a possible shared model blind spot.",4,1,3
23,113.0,114.99488067626952,121.1181640625,13.183862686157228,88.92630767822266,125.0,95.52726745605467,125.0,29.472732543945312,1.9948806762695312,1.9948806762695312,Low,Healthy,Manual review required,True,122.39459,121.2541046142578,-0.0817140392791043,0.335601806640625,0.0176632529810855,4.375762939453125,1.1728036480159012,1.0739888368323185,0.1578947368421052,0,3.40142822265625,High-RUL plateau — review,7.399709323730477,Low,6.259223937988281,Low,95.52726745605467,Healthy,Medium,Low,23.578186035156257,53.13868268330892,Medium,Required,55.0,Elevated,"Manual engineering review is required before the predicted RUL is used for an operational or maintenance decision. Continue routine condition monitoring. The model remains on a high-RUL plateau despite continued ageing, indicating a possible shared model blind spot.",4,1,3
26,119.0,113.1062469482422,116.65521240234376,11.863445281982422,89.19783020019531,125.0,95.450927734375,125.0,29.549072265625,-5.8937530517578125,5.8937530517578125,Low,Healthy,Manual review required,True,115.569016,115.99744415283205,-0.1899047277923807,4.720252990722656,0.2484343679327713,5.077392578125,1.7301723322325564,1.339542743537106,0.2105263157894736,0,4.468780517578125,High-RUL plateau — review,2.462769051757803,Low,2.8911972045898438,Low,95.450927734375,Healthy,Medium,Low,23.639257812500002,52.04463450113932,Medium,Required,55.0,Elevated,"Manual engineering review is required before the predicted RUL is used for an operational or maintenance decision. Continue routine condition monitoring. The model remains on a high-RUL plateau despite continued ageing, indicating a possible shared model blind spot.",4,1,3
28,97.0,108.86508178710938,109.86382293701172,17.667285919189453,77.35248565673828,125.0,83.24388122558594,125.0,41.75611877441406,11.865081787109377,11.865081787109377,Low,Healthy,Manual review required,True,104.26874,112.13614654541016,-0.0565810124676934,1.6185226440429688,0.0851854023180509,2.4154815673828125,0.674627110194503,0.590486937192294,0.0526315789473684,0,1.6436004638671875,High-RUL plateau — review,4.596341787109381,Low,3.2710647583007812,Low,83.24388122558594,Healthy,Low,Low,33.40489501953125,69.24889945983887,High,Required,55.0,Elevated,"Manual engineering review is required before the predicted RUL is used for an operational or maintenance decision. Continue routine condition monitoring. The model remains on a high-RUL plateau despite continued ageing, indicating a possible shared model blind spot.",4,1,3
33,106.0,109.11275482177734,109.53594207763672,15.797381401062012,86.17122650146484,125.0,86.05802917480469,125.0,38.94197082519531,3.112754821777344,3.112754821777344,Low,Healthy,Manual review required,True,101.540665,111.36896514892578,0.0478130197166512,-1.863853454589844,-0.0980975502415707,3.857101440429688,1.0292108869303913,0.9915960510038436,0.0526315789473684,0,1.1611480712890625,High-RUL plateau — review,7.57208982177734,Low,2.2562103271484375,Low,86.05802917480469,Healthy,Low,Low,31.153576660156247,67.85530916849771,High,Required,55.0,Elevated,"Manual engineering review is required before the predicted RUL is used for an operational or maintenance decision. Continue routine condition monitoring. The model remains on a high-RUL plateau despite continued ageing, indicating a possible shared model blind spot.",4,1,3
39,125.0,114.5934829711914,121.61355590820312,13.91111183166504,90.3927001953125,125.0,94.12770080566406,125.0,30.872299194335938,-10.406517028808594,10.406517028808594,Low,Healthy,Manual review required,True,125.0,122.71208190917967,0.0631822571718578,-0.27117919921875,-0.0142725894325657,3.0000991821289062,0.8085241202943282,0.721787594925584,0.0526315789473684,0,1.1627120971679688,High-RUL plateau — review,10.406517028808594,Medium,8.118598937988267,Low,94.12770080566406,Healthy,Medium,Low,24.697839355468755,61.78331184387206,High,Required,55.0,Elevated,"Manual engineering review is required before the predicted RUL is used for an operational or maintenance decision. Continue routine condition monitoring. The model remains on a high-RUL plateau despite continued ageing, indicating a possible shared model blind spot.",4,1,3
47,125.0,106.46173095703124,107.8874282836914,17.163745880126953,75.4578628540039,125.0,81.53164672851562,125.0,43.468353271484375,-18.53826904296875,18.53826904296875,Low,Healthy,Manual review required,True,108.385574,108.41256713867188,-0.0439548693205187,1.3812637329101562,0.0726980912057976,4.614097595214844,1.22793043936278,1.2014878894766097,0.1578947368421052,0,4.150489807128906,High-RUL plateau — review,1.9238430429687696,Low,1.9508361816406392,Low,81.53164672851562,Healthy,Low,Low,34.7746826171875,69.45091120402019,High,Required,55.0,Elevated,"Manual engineering review is required before the predicted RUL is used for an operational or maintenance decision. Continue routine condition monitoring. The model remains on a high-RUL plateau despite continued ageing, indicating a possible shared model blind spot.",4,1,3
51,114.0,108.67172241210938,109.95281982421876,15.432731628417969,78.66026306152344,125.0,86.11749267578125,125.0,38.88250732421875,-5.328277587890625,5.328277587890625,Low,Healthy,Manual review required,True,96.40285,113.09201049804688,0.2518444950419279,-2.7745513916015625,-0.1460290206106085,16.04192352294922,4.471061525885775,4.228650886074521,0.3684210526315789,1,11.673332214355469,High-RUL plateau — review,12.268872412109374,Medium,4.4202880859375,Low,86.11749267578125,Healthy,Low,Low,31.106005859374996,76.0543696085612,High,Required,55.0,Elevated,"Manual engineering review is required before the predicted RUL is used for an operational or maintenance decision. Continue routine condition monitoring. The model remains on a high-RUL plateau despite continued ageing, indicating a possible shared model blind spot.",4,1,3
54,97.0,114.03466033935548,121.612060546875,14.59324836730957,79.28924560546875,125.0,92.63262939453124,125.0,32.36737060546875,17.03466033935547,17.03466033935547,Low,Healthy,Manual review required,True,100.1524,120.927490234375,-0.0915891489588228,1.5173568725585938,0.0798608880293996,4.5713653564453125,1.3116421882526148,1.2006186755674395,0.1578947368421052,0,2.6863250732421875,High-RUL plateau — review,13.882260339355483,Medium,6.892829895019517,Low,92.63262939453124,Healthy,Medium,Low,25.893896484375013,61.93537394205729,High,Required,55.0,Elevated,"Manual engineering review is required before the predicted RUL is used for an operational or maintenance decision. Continue routine condition monitoring. The model remains on a high-RUL plateau despite continued ageing, indicating a possible shared model blind spot.",4,1,3
55,125.0,112.51029205322266,115.86104583740234,13.151386260986328,88.00743865966797,125.0,93.08724975585938,125.0,31.912750244140625,-12.489707946777344,12.489707946777344,Low,Healthy,Manual review required,True,112.041145,114.4501495361328,-0.2525831581058348,1.2523193359375,0.0659115439967105,13.712905883789062,3.477771337071052,3.1581009486676663,0.3684210526315789,0,6.557540893554688,High-RUL plateau — review,0.46914705322265604,Low,1.939857482910142,Low,93.08724975585938,Healthy,Medium,Low,25.530200195312503,52.61390050252278,Medium,Required,55.0,Elevated,"Manual engineering review is required before the predicted RUL is used for an operational or maintenance decision. Continue routine condition monitoring. The model remains on a high-RUL plateau despite continued ageing, indicating a possible shared model blind spot.",4,1,3
59,114.0,111.7665023803711,117.59634399414062,14.885224342346191,85.93355560302734,125.0,89.96372985839844,125.0,35.03627014160156,-2.2334976196289062,2.2334976196289062,Low,Healthy,Manual review required,True,102.64316,116.6829833984375,-0.3789141834230348,6.064605712890625,0.3191897743626645,8.991043090820312,2.593142556303333,1.3965986182650325,0.1578947368421052,0,2.66571044921875,High-RUL plateau — review,9.1233423803711,Low,4.916481018066406,Low,89.96372985839844,Healthy,Medium,Low,28.029016113281248,54.77742830912272,Medium,Required,55.0,Elevated,"Manual engineering review is required before the predicted RUL is used for an operational or maintenance decision. Continue routine condition monitoring. The model remains on a high-RUL plateau despite continued ageing, indicating a possible shared model blind spot.",4,1,3
65,125.0,116.46438598632812,122.30598449707033,10.88325023651123,91.8282470703125,125.0,100.15440368652344,125.0,24.84559631347656,-8.535614013671875,8.535614013671875,Low,Healthy,Manual review required,True,120.530685,121.88595581054688,0.062793479288431,-1.280853271484375,-0.067413330078125,2.3385238647460938,0.7042821485965234,0.6040760674067557,0.2105263157894736,0,1.5856170654296875,High-RUL plateau — review,4.06629901367188,Low,5.42156982421875,Low,100.15440368652344,Healthy,Medium,Low,19.87647705078125,51.12428855895996,Medium,Required,55.0,Elevated,"Manual engineering review is required before the predicted RUL is used for an operational or maintenance decision. Continue routine condition monitoring. The model remains on a high-RUL plateau despite continued ageing, indicating a possible shared model blind spot.",4,1,3
67,77.0,114.56389617919922,119.9092254638672,12.292606353759766,88.80716705322266,125.0,96.31954193115234,125.0,28.680458068847656,37.56389617919922,37.56389617919922,Low,Healthy,Manual review required,False,111.55588,118.36756896972656,-0.0653386280948954,1.7254180908203125,0.0908114784642269,13.497962951660156,4.266236790976584,4.249567927919047,0.3157894736842105,0,7.071754455566406,High-RUL plateau — review,3.008016179199217,Low,3.8036727905273438,Low,96.31954193115234,Healthy,Medium,Low,22.944366455078125,52.02306270599365,Medium,Required,55.0,Elevated,"Manual engineering review is required before the predicted RUL is used for an operational or maintenance decision. Continue routine condition monitoring. The model remains on a high-RUL plateau despite continued ageing, indicating a possible shared model blind spot.",4,1,3
71,118.0,109.85456848144533,113.47503662109376,14.890111923217772,81.17070007324219,125.0,88.04508972167969,125.0,36.95491027832031,-8.145431518554688,8.145431518554688,Low,Healthy,Manual review required,True,111.1304,112.85960388183594,-0.1003496385158452,5.693473815917969,0.2996565166272615,9.37519073486328,2.233143584593693,2.1568729931467425,0.4736842105263157,0,6.106483459472656,High-RUL plateau — review,1.2758315185546678,Low,3.005035400390611,Low,88.04508972167969,Healthy,Medium,Low,29.563928222656255,54.859769821166985,Medium,Required,55.0,Elevated,"Manual engineering review is required before the predicted RUL is used for an operational or maintenance decision. Continue routine condition monitoring. The model remains on a high-RUL plateau despite continued ageing, indicating a possible shared model blind spot.",4,1,3
73,125.0,113.05455017089844,117.75940704345705,12.998543739318848,88.17411804199219,125.0,93.8412857055664,125.0,31.158714294433597,-11.945449829101562,11.945449829101562,Low,Healthy,Manual review required,True,107.87061,115.56829071044922,0.1509249751729192,4.022758483886719,0.2117241307308799,15.797073364257812,4.835977654403332,4.757026360924902,0.3684210526315789,0,6.683296203613281,High-RUL plateau — review,5.183940170898438,Low,2.5137405395507812,Low,93.8412857055664,Healthy,Medium,Low,24.926971435546875,52.52243137359619,Medium,Required,55.0,Elevated,"Manual engineering review is required before the predicted RUL is used for an operational or maintenance decision. Continue routine condition monitoring. The model remains on a high-RUL plateau despite continued ageing, indicating a possible shared model blind spot.",4,1,3
74,125.0,107.1619110107422,107.56770324707033,15.881146430969238,77.8083267211914,125.0,83.99221801757812,125.0,41.00778198242188,-17.838088989257812,17.838088989257812,Low,Healthy,Manual review required,True,95.955,110.16183471679688,-0.1133728486254712,3.19537353515625,0.1681775544819078,3.199249267578125,1.0951142710117203,0.8785781828000272,0.1578947368421052,0,2.0030288696289062,High-RUL plateau — review,11.206911010742203,Medium,2.9999237060546733,Low,83.99221801757812,Healthy,Low,Low,32.8062255859375,76.3778928120931,High,Required,55.0,Elevated,"Manual engineering review is required before the predicted RUL is used for an operational or maintenance decision. Continue routine condition monitoring. The model remains on a high-RUL plateau despite continued ageing, indicating a possible shared model blind spot.",4,1,3
78,107.0,116.1221694946289,123.50354766845705,12.201011657714844,92.1589126586914,125.0,98.00353240966795,125.0,26.99646759033203,9.122169494628906,9.122169494628906,Low,Healthy,Manual review required,True,125.0,123.8244171142578,0.0211444252415684,-1.0854721069335938,-0.0571301108912417,1.3094558715820312,0.3191371121459081,0.2949285726219995,0.0,0,0.65594482421875,High-RUL plateau — review,8.877830505371094,Low,7.702247619628892,Low,98.00353240966795,Healthy,Medium,Low,21.597174072265634,52.691091219584145,Medium,Required,55.0,Elevated,"Manual engineering review is required before the predicted RUL is used for an operational or maintenance decision. Continue routine condition monitoring. The model remains on a high-RUL plateau despite continued ageing, indicating a possible shared model blind spot.",4,1,3
83,125.0,117.55065155029295,123.0613021850586,11.108460426330566,92.28623962402344,125.0,100.93156433105467,125.0,24.068435668945312,-7.449348449707031,7.449348449707031,Low,Healthy,Manual review required,True,125.0,122.82594299316406,1.344037352827258,-27.601104736328125,-1.452689722964638,28.80791473388672,8.533167244321824,3.5708448197711333,0.5263157894736842,0,8.008346557617188,High-RUL plateau — review,7.4493484497070455,Low,5.275291442871108,Low,100.93156433105467,Healthy,Medium,Low,19.254748535156264,50.78409385681153,Medium,Required,55.0,Elevated,"Manual engineering review is required before the predicted RUL is used for an operational or maintenance decision. Continue routine condition monitoring. The model remains on a high-RUL plateau despite continued ageing, indicating a possible shared model blind spot.",4,1,3
86,89.0,112.83203887939452,117.9474868774414,13.98923110961914,84.8794937133789,125.0,92.259033203125,125.0,32.740966796875,23.83203887939453,23.83203887939453,Low,Healthy,Manual review required,False,103.940125,115.9216766357422,0.928534107638482,-17.277801513671875,-0.9093579744037829,32.22657012939453,8.370409360245413,6.434004547887598,0.4210526315789473,1,15.223365783691406,High-RUL plateau — review,8.891913879394522,Low,3.0896377563476847,Low,92.259033203125,Healthy,Medium,Low,26.192773437500005,53.30774180094402,Medium,Required,55.0,Elevated,"Manual engineering review is required before the predicted RUL is used for an operational or maintenance decision. Continue routine condition monitoring. The model remains on a high-RUL plateau despite continued ageing, indicating a possible shared model blind spot.",4,1,3
87,116.0,115.14362335205078,120.69080352783205,13.066366195678713,88.6568603515625,125.0,95.83727264404295,125.0,29.16272735595703,-0.8563766479492188,0.8563766479492188,Low,Healthy,Manual review required,True,125.0,119.25318908691406,-0.1881130878190336,2.8301773071289062,0.1489567003752056,5.167327880859375,1.5402159796331687,1.0934637693011893,0.1578947368421052,0,2.420440673828125,High-RUL plateau — review,9.856376647949219,Low,4.109565734863281,Low,95.83727264404295,Healthy,Medium,Low,23.330181884765633,52.305878003438316,Medium,Required,55.0,Elevated,"Manual engineering review is required before the predicted RUL is used for an operational or maintenance decision. Continue routine condition monitoring. The model remains on a high-RUL plateau despite continued ageing, indicating a possible shared model blind spot.",4,1,3
88,115.0,107.97561645507812,108.55712890625,15.979601860046388,76.35771179199219,125.0,84.67079162597656,125.0,40.32920837402344,-7.024383544921875,7.024383544921875,Low,Healthy,Manual review required,True,108.13304,111.22178649902344,0.411353302001954,-10.919059753417969,-0.5746873554430509,11.722869873046877,3.49720715985852,2.569858798641996,0.2105263157894736,0,7.683929443359375,High-RUL plateau — review,0.15742354492186905,Low,3.2461700439453125,Low,84.67079162597656,Healthy,Low,Low,32.26336669921876,68.70550982157388,High,Required,55.0,Elevated,"Manual engineering review is required before the predicted RUL is used for an operational or maintenance decision. Continue routine condition monitoring. The model remains on a high-RUL plateau despite continued ageing, indicating a possible shared model blind spot.",4,1,3
89,125.0,112.0966796875,111.31057739257812,14.530625343322754,89.80150604248047,125.0,90.78060913085938,125.0,34.219390869140625,-12.9033203125,12.9033203125,Low,Healthy,Manual review required,True,105.43601,113.24616241455078,-0.0720233945918253,0.4647750854492187,0.0244618466025904,3.597381591796875,0.8082402773685503,0.6933774689569666,0.0526315789473684,0,3.231536865234375,High-RUL plateau — review,6.660669687500004,Low,1.1494827270507812,Low,90.78060913085938,Healthy,Medium,Low,27.375512695312498,53.215432484944664,Medium,Required,55.0,Elevated,"Manual engineering review is required before the predicted RUL is used for an operational or maintenance decision. Continue routine condition monitoring. The model remains on a high-RUL plateau despite continued ageing, indicating a possible shared model blind spot.",4,1,3
99,117.0,114.20671844482422,120.18328857421876,13.200207710266112,88.0422592163086,125.0,94.71666717529295,125.0,30.28333282470703,-2.793281555175781,2.793281555175781,Low,Healthy,Manual review required,True,105.18067,120.47765350341795,-0.0890085205995952,2.487945556640625,0.1309445029810855,3.4709548950195312,0.8338383130604657,0.6571625755814554,0.0,0,1.8902664184570312,High-RUL plateau — review,9.026048444824212,Low,6.270935058593736,Low,94.71666717529295,Healthy,Medium,Low,24.22666625976564,53.44656149546305,Medium,Required,55.0,Elevated,"Manual engineering review is required before the predicted RUL is used for an operational or maintenance decision. Continue routine condition monitoring. The model remains on a high-RUL plateau despite continued ageing, indicating a possible shared model blind spot.",4,1,3
6,93.0,106.62970733642578,108.76651000976562,16.53902816772461,74.5411605834961,125.0,82.55706024169922,125.0,42.44293975830078,13.62970733642578,13.62970733642578,Low,Healthy,Manual review required,True,98.403564,111.11564636230467,-0.3805897820264751,2.120208740234375,0.111589933696546,18.1571044921875,4.1536299890288575,3.526531827188919,0.1578947368421052,2,11.490982055664062,Unstable trajectory,8.226143336425778,Low,4.485939025878892,Low,82.55706024169922,Healthy,Low,Low,33.954351806640624,69.91141541798909,High,Recommended,44.741470890045164,Watch,Engineering review is recommended before making a high-consequence decision. Continue routine condition monitoring. The predicted RUL contains large jumps or excessive oscillations and should not be used without review.,4,2,4
75,113.0,108.5825424194336,112.73277282714844,16.902339935302734,81.04242706298828,125.0,84.01124572753906,125.0,40.98875427246094,-4.417457580566406,4.417457580566406,Low,Healthy,Manual review required,True,100.4414,111.08346557617188,-0.6753002195429986,12.378433227539062,0.6514964856599507,32.14837646484375,8.222444225573414,7.241931972274233,0.3684210526315789,3,19.952682495117188,Unstable trajectory,8.141142419433592,Low,2.5009231567382812,Low,84.01124572753906,Healthy,Low,Low,32.791003417968746,68.70442390441895,High,Recommended,43.565029563903806,Watch,Engineering review is recommended before making a high-consequence decision. Continue routine condition monitoring. The predicted RUL contains large jumps or excessive oscillations and should not be used without review.,4,2,4
85,118.0,111.40779113769533,111.2810516357422,14.374398231506348,79.63487243652344,125.0,90.30613708496094,125.0,34.69386291503906,-6.592208862304688,6.592208862304688,Low,Healthy,Manual review required,True,125.0,114.26608276367188,3.0475380115939257,-42.81690979003906,-2.253521567896793,47.38629150390625,19.199515465593127,7.733849001040601,0.5263157894736842,2,13.108848571777344,Unstable trajectory,13.592208862304673,Medium,2.8582916259765483,Low,90.30613708496094,Healthy,Medium,Low,27.75509033203125,61.462962468465165,High,Recommended,37.867451972961426,Watch,Engineering review is recommended before making a high-consequence decision. Continue routine condition monitoring. The predicted RUL contains large jumps or excessive oscillations and should not be used without review.,4,2,4
60,100.0,108.9115753173828,108.7758560180664,14.359947204589844,77.67991638183594,125.0,87.82975769042969,125.0,37.17024230957031,8.911575317382812,8.911575317382812,Low,Healthy,Manual review required,True,100.11636,111.18151092529295,0.0236665195092235,0.240631103515625,0.012664794921875,14.789535522460938,4.122898741845924,4.120639582961707,0.3157894736842105,2,12.342247009277344,Unstable trajectory,8.795215317382798,Low,2.2699356079101562,Low,87.82975769042969,Healthy,Medium,Low,29.736193847656246,54.695486068725586,Medium,Recommended,37.223981513977044,Watch,Engineering review is recommended before making a high-consequence decision. Continue routine condition monitoring. The predicted RUL contains large jumps or excessive oscillations and should not be used without review.,4,2,4
96,125.0,107.70770263671876,114.84359741210938,18.59708023071289,69.62255859375,125.0,80.81034088134766,125.0,44.18965911865234,-17.29229736328125,17.29229736328125,Low,Healthy,Manual review required,True,103.31112,114.9887237548828,-0.4371353321505673,5.713790893554688,0.3007258365028782,8.863876342773438,2.92396841464085,1.4818699709788892,0.1578947368421052,0,3.420806884765625,Consistent degradation,4.396582636718762,Low,7.281021118164034,Low,80.81034088134766,Healthy,Low,High,35.35172729492187,36.49812920888264,Medium,Recommended,35.695647869110104,Watch,Engineering review is recommended before making a high-consequence decision. Continue routine condition monitoring. The recent RUL trajectory shows a broadly consistent degradation pattern.,4,2,4
1,112.0,110.19440460205078,116.8577880859375,14.993168830871582,82.77900695800781,125.0,88.24348449707031,125.0,36.75651550292969,-1.8055953979492188,1.8055953979492188,Low,Healthy,Manual review required,True,112.268524,113.40349578857422,-0.509069875846229,11.59650421142578,0.6103423269171464,11.59650421142578,3.260389517481629,1.418919025446957,0.0526315789473684,0,3.456016540527344,Consistent degradation,2.074119397949218,Low,3.2090911865234375,Low,88.24348449707031,Healthy,Medium,High,29.40521240234375,19.853390375773113,Low,Recommended,35.0,Watch,Engineering review is recommended before making a high-consequence decision. Continue routine condition monitoring. The recent RUL trajectory shows a broadly consistent degradation pattern.,4,2,4
15,83.0,108.15530395507812,110.62657928466795,15.76251220703125,80.42062377929688,125.0,85.1484375,125.0,39.8515625,25.155303955078125,25.155303955078125,Low,Healthy,Manual review required,False,102.473175,107.39862060546876,-0.6652821935209107,15.7650146484375,0.8297376130756579,16.41254425048828,5.174798276184335,3.473049668291328,0.3157894736842105,0,6.745048522949219,Consistent degradation,5.682128955078127,Low,0.7566833496093608,Low,85.1484375,Healthy,Low,High,31.881250000000005,32.69656372070312,Medium,Recommended,35.0,Watch,Engineering review is recommended before making a high-consequence decision. Continue routine condition monitoring. The recent RUL trajectory shows a broadly consistent degradation pattern.,4,2,4
22,111.0,108.81110382080078,109.46376037597656,15.52757167816162,77.85587310791016,125.0,86.12670135498047,125.0,38.87329864501953,-2.1888961791992188,2.1888961791992188,Low,Healthy,Manual review required,True,115.53349,112.48757934570312,-0.7446755717571485,12.512420654296877,0.6585484554893092,14.494422912597656,5.1842540764917056,2.9048198853211478,0.1052631578947368,1,10.45282745361328,Consistent degradation,6.722386179199219,Low,3.6764755249023438,Low,86.12670135498047,Healthy,Low,High,31.09863891601562,33.30297883351644,Medium,Recommended,35.0,Watch,Engineering review is recommended before making a high-consequence decision. Continue routine condition monitoring. The recent RUL trajectory shows a broadly consistent degradation pattern.,4,2,4
25,125.0,103.980224609375,104.02902221679688,15.111771583557127,80.85843658447266,125.0,81.86651611328125,125.0,43.13348388671875,-21.019775390625,21.019775390625,Low,Healthy,Manual review required,True,109.087234,104.25822448730467,-0.931785009857404,19.525848388671875,1.0276762309827303,19.525848388671875,6.319769883588892,3.327321220401547,0.1578947368421052,1,10.32940673828125,Consistent degradation,5.107009390624995,Low,0.2779998779296733,Low,81.86651611328125,Healthy,Low,High,34.506787109375004,33.76772308349609,Medium,Recommended,35.0,Watch,Engineering review is recommended before making a high-consequence decision. Continue routine condition monitoring. The recent RUL trajectory shows a broadly consistent degradation pattern.,4,2,4
44,109.0,110.15768432617188,111.5548095703125,15.102372169494627,83.78082275390625,125.0,88.05687713623047,125.0,36.94312286376953,1.157684326171875,1.157684326171875,Low,Healthy,Manual review required,True,97.87547,116.19998168945312,-0.7834213256835915,8.800018310546875,0.4631588584498355,17.215110778808594,5.659685877667346,3.409529419700105,0.2105263157894736,0,7.261787414550781,Consistent degradation,12.282214326171868,Medium,6.04229736328125,Low,88.05687713623047,Healthy,Low,High,29.55449829101563,40.867770195007324,Medium,Recommended,35.0,Watch,Engineering review is recommended before making a high-consequence decision. Continue routine condition monitoring. The recent RUL trajectory shows a broadly consistent degradation pattern.,4,2,4
50,79.0,105.00215911865234,106.14276123046876,15.94013214111328,76.20365905761719,125.0,81.75151062011719,125.0,43.24848937988281,26.002159118652344,26.002159118652344,Low,Healthy,Manual review required,False,96.41364,103.20807647705078,-0.4642568315778472,12.964805603027344,0.6823581896330181,16.62183380126953,3.729262071150676,2.596319819842162,0.2105263157894736,0,6.960006713867188,Consistent degradation,8.588519118652343,Low,1.7940826416015625,Low,81.75151062011719,Healthy,Low,High,34.59879150390625,34.31621106465658,Medium,Recommended,35.0,Watch,Engineering review is recommended before making a high-consequence decision. Continue routine condition monitoring. The recent RUL trajectory shows a broadly consistent degradation pattern.,4,2,4
